-- MySQL dump 10.13  Distrib 5.7.35, for Win64 (x86_64)

--

-- Host: localhost    Database: ejercicioregiones

-- ------------------------------------------------------

-- Server version	5.7.35-log



/*!40101 SET @OLD_CHARACTER_SET_CLIENT=@@CHARACTER_SET_CLIENT */;

/*!40101 SET @OLD_CHARACTER_SET_RESULTS=@@CHARACTER_SET_RESULTS */;

/*!40101 SET @OLD_COLLATION_CONNECTION=@@COLLATION_CONNECTION */;

/*!40101 SET NAMES utf8 */;

/*!40103 SET @OLD_TIME_ZONE=@@TIME_ZONE */;

/*!40103 SET TIME_ZONE='+00:00' */;

/*!40014 SET @OLD_UNIQUE_CHECKS=@@UNIQUE_CHECKS, UNIQUE_CHECKS=0 */;

/*!40014 SET @OLD_FOREIGN_KEY_CHECKS=@@FOREIGN_KEY_CHECKS, FOREIGN_KEY_CHECKS=0 */;

/*!40101 SET @OLD_SQL_MODE=@@SQL_MODE, SQL_MODE='NO_AUTO_VALUE_ON_ZERO' */;

/*!40111 SET @OLD_SQL_NOTES=@@SQL_NOTES, SQL_NOTES=0 */;



--

-- Table structure for table `cliente`

--



DROP TABLE IF EXISTS `cliente`;

/*!40101 SET @saved_cs_client     = @@character_set_client */;

/*!40101 SET character_set_client = utf8 */;

CREATE TABLE `cliente` (

  `id` int(11) NOT NULL AUTO_INCREMENT,

  `Nombre` varchar(30) NOT NULL,

  `Apellidos` varchar(60) NOT NULL,

  `DNI_nie` varchar(10) DEFAULT NULL,

  `Telefono` int(11) NOT NULL,

  `email` varchar(80) NOT NULL,

  `Direccion_vivienda` varchar(80) DEFAULT NULL,

  `Ciudad` varchar(50) NOT NULL,

  `CP` int(11) NOT NULL,

  `Fecha_alta` datetime NOT NULL,

  PRIMARY KEY (`id`),

  UNIQUE KEY `email` (`email`)

) ENGINE=InnoDB AUTO_INCREMENT=2 DEFAULT CHARSET=utf8;

/*!40101 SET character_set_client = @saved_cs_client */;



--

-- Dumping data for table `cliente`

--



LOCK TABLES `cliente` WRITE;

/*!40000 ALTER TABLE `cliente` DISABLE KEYS */;

INSERT INTO `cliente` VALUES (1,'Lara','Dominguez','02415643F',453857456,'laradominguez','C/Paz dinamica','Mallorca',23453,'2020-02-22 00:00:00');

/*!40000 ALTER TABLE `cliente` ENABLE KEYS */;

UNLOCK TABLES;



--

-- Table structure for table `departamentos`

--



DROP TABLE IF EXISTS `departamentos`;

/*!40101 SET @saved_cs_client     = @@character_set_client */;

/*!40101 SET character_set_client = utf8 */;

CREATE TABLE `departamentos` (

  `id` int(11) NOT NULL AUTO_INCREMENT,

  `idUbicaciones` int(11) NOT NULL,

  `nombre` varchar(25) NOT NULL,

  `direccion` varchar(25) NOT NULL,

  `CP` int(11) NOT NULL,

  `idJefe` int(11) DEFAULT NULL,

  PRIMARY KEY (`id`),

  KEY `idUbicaciones` (`idUbicaciones`),

  CONSTRAINT `departamentos_ibfk_1` FOREIGN KEY (`idUbicaciones`) REFERENCES `ubicaciones` (`id`)

) ENGINE=InnoDB AUTO_INCREMENT=57 DEFAULT CHARSET=utf8;

/*!40101 SET character_set_client = @saved_cs_client */;



--

-- Dumping data for table `departamentos`

--



LOCK TABLES `departamentos` WRITE;

/*!40000 ALTER TABLE `departamentos` DISABLE KEYS */;

INSERT INTO `departamentos` VALUES (1,1,'RRHH','direccion 1',13001,678),(2,1,'Marketing','direccion 2',13002,534),(3,2,'RRHH','direccion 1',13001,971),(4,2,'Marketing','direccion 2',13002,584),(5,3,'RRHH','direccion 1',13001,732),(6,3,'Marketing','direccion 2',13002,879),(7,4,'RRHH','direccion 1',13001,638),(8,4,'Marketing','direccion 2',13002,538),(9,5,'RRHH','direccion 1',13001,391),(10,5,'Marketing','direccion 2',13002,856),(11,6,'RRHH','direccion 1',13001,574),(12,6,'Marketing','direccion 2',13002,364),(13,7,'RRHH','direccion 1',13001,564),(14,7,'Marketing','direccion 2',13002,731),(15,8,'RRHH','direccion 1',13001,694),(16,8,'Marketing','direccion 2',13002,484),(17,9,'RRHH','direccion 1',13001,665),(18,9,'Marketing','direccion 2',13002,398),(19,10,'RRHH','direccion 1',13001,451),(20,10,'Marketing','direccion 2',13002,884),(21,11,'RRHH','direccion 1',13001,931),(22,11,'Marketing','direccion 2',13002,620),(23,12,'RRHH','direccion 1',13001,704),(24,12,'Marketing','direccion 2',13002,494),(25,13,'RRHH','direccion 1',13001,615),(26,13,'Marketing','direccion 2',13002,807),(27,14,'RRHH','direccion 1',13001,632),(28,14,'Marketing','direccion 2',13002,455),(29,15,'RRHH','direccion 1',13001,1076),(30,15,'Marketing','direccion 2',13002,958),(31,16,'RRHH','direccion 1',13001,1043),(32,16,'Marketing','direccion 2',13002,1110),(33,17,'RRHH','direccion 1',13001,1071),(34,17,'Marketing','direccion 2',13002,1057),(35,18,'RRHH','direccion 1',13001,910),(36,18,'Marketing','direccion 2',13002,881),(37,19,'RRHH','direccion 1',13001,1107),(38,19,'Marketing','direccion 2',13002,1014),(39,20,'RRHH','direccion 1',13001,891),(40,20,'Marketing','direccion 2',13002,1117),(41,21,'RRHH','direccion 1',13001,919),(42,21,'Marketing','direccion 2',13002,1123),(43,22,'RRHH','direccion 1',13001,1116),(44,22,'Marketing','direccion 2',13002,975),(45,23,'RRHH','direccion 1',13001,1024),(46,23,'Marketing','direccion 2',13002,1075),(47,24,'RRHH','direccion 1',13001,1124),(48,24,'Marketing','direccion 2',13002,1079),(49,25,'RRHH','direccion 1',13001,1078),(50,25,'Marketing','direccion 2',13002,953),(51,26,'RRHH','direccion 1',13001,1085),(52,26,'Marketing','direccion 2',13002,870),(53,27,'RRHH','direccion 1',13001,1055),(54,27,'Marketing','direccion 2',13002,1121),(55,28,'RRHH','direccion 1',13001,929),(56,28,'Marketing','direccion 2',13002,1080);

/*!40000 ALTER TABLE `departamentos` ENABLE KEYS */;

UNLOCK TABLES;



--

-- Table structure for table `dircli`

--



DROP TABLE IF EXISTS `dircli`;

/*!40101 SET @saved_cs_client     = @@character_set_client */;

/*!40101 SET character_set_client = utf8 */;

CREATE TABLE `dircli` (

  `dni_nie` varchar(25) NOT NULL,

  `correoe` varchar(80) DEFAULT NULL,

  `ciudad` varchar(30) DEFAULT NULL,

  `ubicacion` varchar(30) DEFAULT NULL,

  `fecha_alta` datetime DEFAULT NULL,

  `telefono` varchar(20) DEFAULT NULL,

  `autorizado` varchar(32) DEFAULT NULL,

  `cliente` varchar(40) DEFAULT NULL,

  `adjunto` varchar(40) DEFAULT NULL,

  `notas` varchar(250) DEFAULT NULL,

  PRIMARY KEY (`dni_nie`),

  UNIQUE KEY `correoe` (`correoe`)

) ENGINE=InnoDB DEFAULT CHARSET=latin1;

/*!40101 SET character_set_client = @saved_cs_client */;



--

-- Dumping data for table `dircli`

--



LOCK TABLES `dircli` WRITE;

/*!40000 ALTER TABLE `dircli` DISABLE KEYS */;

/*!40000 ALTER TABLE `dircli` ENABLE KEYS */;

UNLOCK TABLES;



--

-- Table structure for table `edificios`

--



DROP TABLE IF EXISTS `edificios`;

/*!40101 SET @saved_cs_client     = @@character_set_client */;

/*!40101 SET character_set_client = utf8 */;

CREATE TABLE `edificios` (

  `edificio_no` int(11) NOT NULL AUTO_INCREMENT,

  `edificio_name` varchar(255) NOT NULL,

  `direccion` varchar(335) NOT NULL,

  PRIMARY KEY (`edificio_no`)

) ENGINE=InnoDB AUTO_INCREMENT=7 DEFAULT CHARSET=utf8;

/*!40101 SET character_set_client = @saved_cs_client */;



--

-- Dumping data for table `edificios`

--



LOCK TABLES `edificios` WRITE;

/*!40000 ALTER TABLE `edificios` DISABLE KEYS */;

INSERT INTO `edificios` VALUES (2,'MELIA','DIR2'),(3,'SUPER STAR','DIR3'),(4,'BARCELO','DIR4'),(5,'RIU','DIR4'),(6,'TARTESUS','DIR5');

/*!40000 ALTER TABLE `edificios` ENABLE KEYS */;

UNLOCK TABLES;



--

-- Table structure for table `empleados`

--



DROP TABLE IF EXISTS `empleados`;

/*!40101 SET @saved_cs_client     = @@character_set_client */;

/*!40101 SET character_set_client = utf8 */;

CREATE TABLE `empleados` (

  `id` int(11) NOT NULL AUTO_INCREMENT,

  `idDepartamento` int(11) NOT NULL,

  `idPuesto` int(11) NOT NULL,

  `nombre` varchar(25) NOT NULL,

  `apellido` varchar(25) NOT NULL,

  `salario` float NOT NULL,

  `fecha_nacimiento` datetime DEFAULT NULL,

  `jefe` tinyint(1) DEFAULT NULL,

  PRIMARY KEY (`id`),

  KEY `idDepartamento` (`idDepartamento`),

  KEY `idPuesto` (`idPuesto`),

  CONSTRAINT `empleados_ibfk_1` FOREIGN KEY (`idDepartamento`) REFERENCES `departamentos` (`id`),

  CONSTRAINT `empleados_ibfk_2` FOREIGN KEY (`idPuesto`) REFERENCES `puesto` (`id`)

) ENGINE=InnoDB AUTO_INCREMENT=1251 DEFAULT CHARSET=utf8;

/*!40101 SET character_set_client = @saved_cs_client */;



--

-- Dumping data for table `empleados`

--



LOCK TABLES `empleados` WRITE;

/*!40000 ALTER TABLE `empleados` DISABLE KEYS */;

INSERT INTO `empleados` VALUES (337,14,5,'Holmes','Bartlett',3111.75,'1995-08-16 09:17:14',0),(338,23,1,'Walter','Rios',2144,'1991-12-05 20:42:56',0),(339,10,3,'Eve','Cardenas',2024.16,'1964-05-29 05:51:29',0),(340,20,6,'Kiara','Hodges',1904.65,'1978-06-10 02:48:36',0),(341,22,4,'Quemby','Solis',1937.86,'1985-03-10 05:58:48',0),(342,23,1,'Madeson','Rodriquez',1756.12,'1971-04-13 14:35:00',0),(343,19,3,'Britanney','Walters',3033.28,'1979-04-27 10:56:33',0),(344,7,3,'Fleur','Robles',1800.14,'1973-06-21 00:36:18',0),(345,7,5,'Richard','Wagner',3362.34,'1972-11-27 17:03:47',0),(346,4,1,'Imelda','Wilcox',1302.33,'1960-07-16 21:00:58',0),(347,14,6,'Illiana','Strickland',2944.69,'1995-04-25 19:01:24',0),(348,4,6,'Tatiana','Barlow',2317.78,'1971-04-23 19:07:32',0),(349,16,4,'Donovan','Lang',1629.21,'1975-08-27 10:50:22',0),(350,10,1,'Vladimir','Sexton',2321,'1977-09-26 00:48:53',0),(351,3,6,'Nora','Riddle',2143.97,'1974-06-01 09:28:14',0),(352,16,6,'Garth','Patel',1930.05,'1986-05-29 00:13:52',0),(353,4,6,'May','Jennings',1888.05,'1960-08-27 13:47:22',0),(354,23,6,'Susan','White',2154.94,'1995-03-08 22:42:32',0),(355,24,6,'Cameron','Case',2676.38,'1959-09-01 03:21:40',0),(356,16,3,'Myra','Stein',2488.22,'1987-09-08 00:47:31',0),(357,5,1,'Delilah','Figueroa',3391,'1966-03-27 23:00:00',0),(358,1,4,'Kevyn','Weeks',2986.03,'1988-08-29 23:21:35',0),(359,25,2,'Gil','Jacobson',1848.66,'1986-07-29 15:34:27',0),(360,11,6,'Nevada','Hammond',1170.14,'1969-05-31 07:46:50',0),(361,18,1,'Keelie','Conley',3302,'1963-12-14 18:51:58',0),(362,11,6,'Barclay','Mclean',2056.22,'1978-08-17 08:59:31',0),(363,23,5,'Rooney','Burgess',1331.3,'1958-05-27 05:37:00',0),(364,12,4,'Roth','Lee',1658.51,'1968-08-13 16:23:58',1),(365,11,1,'Slade','Evans',3902,'1993-09-27 21:54:02',0),(366,22,2,'Whilemina','Mckay',1808.93,'1971-05-15 00:09:55',0),(367,26,3,'Miranda','Wilkerson',1236.94,'1969-06-21 19:34:38',0),(368,28,6,'Ian','Mueller',2916.84,'1960-05-30 22:52:10',0),(369,8,2,'Tanner','Battle',2007.21,'1960-02-08 11:56:16',0),(370,5,3,'Basil','Bradford',1134.98,'1978-06-26 16:01:13',0),(371,24,6,'Zephr','Rutledge',2156.62,'1983-02-12 03:05:58',0),(372,19,2,'Adele','Osborne',1121.3,'1958-05-27 06:22:40',0),(373,23,6,'Azalia','Scott',3093.19,'1986-07-14 12:29:35',0),(374,27,6,'Drew','Schmidt',1602.28,'1985-01-27 23:08:07',0),(375,17,1,'Hyacinth','Sexton',2926,'1994-08-07 04:45:37',0),(376,25,2,'Risa','Faulkner',2774.25,'1956-10-05 00:45:56',0),(377,11,1,'Dawn','Wilkerson',3934,'1991-01-31 12:01:39',0),(378,4,2,'Sylvester','Morris',3085.59,'1978-07-21 06:41:56',0),(379,1,2,'Kelsie','Jennings',2867.91,'1987-09-23 10:01:47',0),(380,18,1,'Quyn','Trujillo',3647,'1956-12-07 22:18:47',0),(381,14,1,'Cynthia','Russell',2971,'1986-10-20 18:37:40',0),(382,1,3,'Kibo','Lynn',2082.79,'1986-09-27 21:14:08',0),(383,7,5,'Griffith','Lee',2062.97,'1987-11-15 22:12:44',0),(384,6,3,'TaShya','Dickson',1034.37,'1956-10-04 03:02:05',0),(385,26,5,'Illana','Bruce',1674.84,'1962-03-19 14:24:36',0),(386,25,6,'Gretchen','Reed',1197.28,'1978-06-05 20:51:58',0),(387,13,1,'Lois','Mendez',3135,'1970-07-31 18:01:20',0),(388,27,4,'Quon','Sharpe',1264.78,'1971-07-23 15:55:17',0),(389,5,2,'Ivan','Franklin',2690.72,'1975-05-24 05:51:40',0),(390,12,6,'Linda','Love',2444.34,'1975-02-22 20:14:45',0),(391,9,1,'Aidan','Diaz',3840,'1958-01-14 16:25:39',1),(392,3,5,'Lewis','Howe',2700.84,'1975-07-15 05:12:40',0),(393,12,5,'Jasmine','Wilkerson',1019.72,'1989-10-19 17:33:38',0),(394,8,5,'Roanna','Stone',1752.28,'1981-05-27 08:25:16',0),(395,15,2,'MacKenzie','Barlow',1154.51,'1958-12-21 07:37:49',0),(396,10,4,'Priscilla','Callahan',1605.77,'1976-04-24 23:20:03',0),(397,24,5,'Germaine','Galloway',1277.58,'1995-09-19 19:33:34',0),(398,18,2,'Rhona','Rose',3062.81,'1959-04-30 06:00:07',1),(399,15,3,'Flynn','Hester',2010.19,'1988-12-07 05:34:49',0),(400,1,4,'Chanda','Keith',2794.5,'1971-04-07 02:49:40',0),(401,13,2,'Sasha','Jarvis',1808.93,'1982-05-11 16:41:25',0),(402,19,2,'Martin','Soto',2059.8,'1967-01-21 02:38:29',0),(403,9,6,'Zenaida','Hays',1729.82,'1959-07-07 12:43:36',0),(404,6,2,'Clarke','Keith',3127.78,'1968-08-26 21:15:19',0),(405,3,5,'Whoopi','Sloan',1152.56,'1990-03-02 21:11:30',0),(406,20,2,'Alexander','Gomez',2050.24,'1961-06-15 16:08:22',0),(407,26,2,'Holly','Middleton',926.438,'1985-07-26 16:31:55',0),(408,9,3,'Shoshana','Cantrell',2057.06,'1963-05-10 14:22:14',0),(409,6,6,'Madaline','Sampson',2993.62,'1980-03-16 14:29:40',0),(410,14,1,'Kathleen','Holder',1220.14,'1968-04-10 03:40:53',0),(411,12,2,'Hyacinth','Armstrong',3148.88,'1959-12-24 16:38:19',0),(412,7,2,'Russell','Parsons',1282.47,'1984-01-02 05:41:34',0),(413,11,5,'Wang','Mccarthy',1704.42,'1987-06-19 15:23:40',0),(414,26,1,'Ori','Banks',3465,'1987-04-24 11:50:20',0),(415,9,5,'Lacy','Hudson',3051.84,'1967-08-29 15:31:19',0),(416,16,5,'Nero','Black',2335.5,'1965-06-07 04:57:43',0),(417,13,3,'Lacota','Mullen',1613.58,'1971-02-05 15:35:49',0),(418,20,4,'Bo','Finley',2416.5,'1958-05-27 23:38:11',0),(419,21,6,'Echo','Hobbs',2031.63,'1974-08-31 21:22:37',0),(420,14,5,'Rana','Yates',2067.77,'1964-04-18 22:13:04',0),(421,1,1,'Hoyt','Mclaughlin',2453,'1961-07-05 17:43:04',0),(422,22,6,'Joan','Craig',1681.96,'1961-12-31 21:11:42',0),(423,21,6,'Blythe','Levy',2852.72,'1971-09-07 13:24:57',0),(424,21,2,'Alice','Donovan',2093.03,'1989-03-24 12:11:41',0),(425,10,3,'Eaton','Herring',1774.75,'1973-05-12 18:04:45',0),(426,10,4,'Rhona','Houston',1457.31,'1968-08-06 23:11:52',0),(427,12,3,'Orli','Cobb',1911.49,'1959-04-05 05:02:22',0),(428,5,5,'Scarlet','Pope',2065.5,'1956-01-18 19:55:28',0),(429,7,5,'Scarlet','Mercer',3287.25,'1979-09-07 21:52:17',0),(430,10,3,'Chloe','Whitehead',1705.4,'1964-06-15 21:29:17',0),(431,3,4,'Patricia','Martinez',2717.72,'1964-01-17 04:31:53',0),(432,16,4,'Alfonso','Bonner',3357.28,'1959-08-16 01:49:29',0),(433,19,6,'Sylvester','Golden',2055.38,'1978-06-12 05:25:20',0),(434,12,6,'Vivian','Weaver',2244.38,'1967-04-18 19:39:04',0),(435,20,2,'Ifeoma','Lynn',3355.59,'1989-10-06 21:31:35',0),(436,3,5,'Hakeem','Rodriguez',3201.19,'1976-05-30 09:47:08',0),(437,26,4,'Ralph','Marshall',2769.19,'1984-08-08 11:45:59',0),(438,8,3,'Lunea','Durham',2425.78,'1962-10-23 12:24:07',0),(439,28,2,'Graiden','Ewing',2434.22,'1976-06-01 14:59:35',0),(440,18,3,'Rudyard','Sanders',2194.59,'1966-04-22 00:52:49',0),(441,16,2,'Trevor','Ruiz',1157.44,'1968-12-26 04:01:52',0),(442,16,5,'Jacqueline','Mcneil',3051.84,'1994-12-03 19:58:08',0),(443,3,6,'Yasir','Roach',1630.19,'1971-09-07 02:30:58',0),(444,27,4,'Yardley','Avila',2319.47,'1967-04-02 06:32:41',0),(445,2,3,'Bernard','Holden',1589.17,'1985-05-11 02:46:35',0),(446,2,2,'Skyler','Phelps',1360.61,'1984-06-05 08:17:38',0),(447,3,5,'Nigel','Byers',2250.28,'1978-02-04 22:30:47',0),(448,28,3,'Trevor','Alvarez',1316.25,'1965-01-12 16:52:24',0),(449,20,1,'Kylynn','Hurley',2396,'1959-12-23 11:39:58',0),(450,13,4,'Todd','Hines',1423.12,'1956-02-24 07:36:34',0),(451,19,1,'Gemma','Mcclain',2723,'1971-07-24 07:05:06',1),(452,10,1,'Malik','Lopez',2004.45,'1972-02-14 21:42:16',0),(453,3,6,'Robert','Maynard',2440.12,'1962-08-01 10:07:55',0),(454,4,3,'Brenna','Mueller',2055.07,'1980-03-06 10:56:00',0),(455,28,4,'Gray','Maldonado',2370.94,'1971-06-21 22:40:24',1),(456,7,2,'Alvin','Roach',1417.26,'1961-05-02 09:05:27',0),(457,14,2,'Willow','Nielsen',1110.56,'1985-07-02 03:48:13',0),(458,4,2,'May','Goff',2985.19,'1994-02-24 16:43:57',0),(459,8,3,'Yoko','Hunter',2807.16,'1960-04-18 01:23:44',0),(460,8,5,'Cleo','May',2165.91,'1995-07-24 04:04:02',0),(461,28,6,'Anjolie','Mayo',2408.06,'1956-02-18 12:45:36',0),(462,6,6,'Lamar','Johnston',3015.56,'1974-10-24 17:54:47',0),(463,26,4,'Elmo','Trujillo',2859.47,'1976-03-22 18:07:28',0),(464,5,5,'Germane','Lloyd',1402.61,'1967-03-05 16:40:30',0),(465,6,2,'Karen','Delgado',3236.62,'1967-04-04 03:52:03',0),(466,16,2,'Jamalia','Livingston',1174.05,'1992-05-19 11:33:27',0),(467,7,6,'Kameko','Casey',2598.75,'1962-04-19 12:55:21',0),(468,8,6,'Keefe','Chaney',2855.25,'1987-08-08 00:10:23',0),(469,5,6,'Evangeline','Gilbert',2109.38,'1956-01-25 11:11:30',0),(470,16,1,'Lane','Cabrera',2226,'1974-01-04 04:47:57',0),(471,15,1,'Davis','Powell',3735,'1973-09-22 00:04:38',0),(472,16,3,'Teagan','Montoya',2868.75,'1970-12-17 22:34:34',0),(473,27,3,'Cole','Gilmore',3285.56,'1995-12-16 07:07:12',0),(474,8,3,'Harding','Duke',1982.79,'1959-07-09 13:53:12',0),(475,7,3,'Noelle','Crawford',1864.61,'1961-05-27 03:54:01',0),(476,21,1,'Libby','Evans',2091,'1956-01-16 03:30:18',0),(477,1,3,'Steven','Frye',3148.88,'1956-03-28 11:35:35',0),(478,13,6,'Caryn','Sweeney',2376,'1984-09-05 22:43:08',0),(479,3,3,'Kyla','Noble',1188.7,'1960-01-10 14:11:37',0),(480,15,6,'Colt','Gamble',3355.59,'1961-08-02 11:39:07',0),(481,8,5,'Vanna','Mcmahon',2108.53,'1974-05-02 04:41:00',0),(482,19,6,'Burke','Rojas',1361.58,'1989-03-19 22:48:22',0),(483,11,3,'Mohammad','Mathews',3150.56,'1985-02-25 16:14:25',0),(484,16,3,'Kyla','Mays',1297.12,'1988-06-01 02:50:22',1),(485,14,1,'Uma','Wright',3959,'1963-07-11 21:41:18',0),(486,8,1,'Miriam','Farley',1440.09,'1963-12-02 06:08:45',0),(487,1,6,'Benjamin','Chapman',1611.63,'1979-07-30 22:00:13',0),(488,10,5,'Bruce','Munoz',2593.69,'1981-03-23 18:19:43',0),(489,15,1,'Echo','Ayers',2896,'1965-09-18 09:21:14',0),(490,19,3,'Zelenia','Rasmussen',1161.35,'1995-05-28 12:58:44',0),(491,5,6,'Jorden','Barr',2704.22,'1994-05-30 16:51:48',0),(492,25,4,'Daniel','Rivas',2071.41,'1977-01-31 04:58:52',0),(493,17,3,'Sonya','Huffman',1067.58,'1972-04-07 06:20:16',0),(494,24,2,'Hoyt','Meadows',2482.31,'1959-06-17 23:59:27',1),(495,20,2,'Maryam','Houston',3291.47,'1960-06-19 04:26:53',0),(496,4,1,'Yoshi','Gilbert',2837,'1991-12-18 04:01:44',0),(497,26,5,'Ori','Johns',3127.78,'1964-07-24 19:57:08',0),(498,4,4,'Shannon','Mcclain',2014.62,'1980-11-02 17:26:29',0),(499,10,1,'Ronan','Ashley',1587.1,'1973-12-07 14:01:06',0),(500,18,4,'Mallory','Macdonald',2488.22,'1959-05-01 15:28:50',0),(501,1,6,'Brenden','Gomez',2602.12,'1983-12-28 19:44:52',0),(502,9,2,'Sonia','Mathews',1609.68,'1984-03-14 23:25:15',0),(503,14,3,'Plato','Trujillo',2054.53,'1974-12-09 10:28:17',0),(504,6,6,'Erin','Guzman',1347.91,'1971-03-01 15:17:02',0),(505,12,6,'Elmo','Hawkins',1273.68,'1990-08-18 12:34:11',0),(506,16,3,'Olga','Hardy',2842.59,'1980-06-22 01:47:58',0),(507,28,2,'Allen','Travis',1222.59,'1978-12-30 04:16:44',0),(508,13,2,'Cheyenne','Ramos',2040.19,'1966-11-04 07:56:14',0),(509,4,1,'Moses','Leonard',1612.57,'1981-09-19 16:30:52',0),(510,12,6,'Adena','Jacobson',2361.66,'1989-10-18 15:17:01',0),(511,27,5,'Julie','Flowers',2810.53,'1984-11-29 02:57:36',0),(512,28,6,'Martin','Cash',1776.94,'1966-02-04 20:27:38',0),(513,9,5,'Holmes','Fitzgerald',2701.69,'1974-03-01 08:05:45',0),(514,16,1,'Ramona','Rowland',3135,'1995-02-19 02:38:06',0),(515,15,4,'Barrett','Mcgowan',2921.91,'1956-08-23 22:25:41',0),(516,2,2,'Sierra','Lynch',2047.26,'1986-01-04 05:59:34',0),(517,19,5,'Lee','Ruiz',2944.69,'1963-12-08 22:49:57',0),(518,17,4,'Lacota','Duran',3235.78,'1957-07-08 08:12:58',0),(519,10,1,'Larissa','Jordan',2319,'1958-10-12 05:07:03',0),(520,13,1,'Daniel','Moreno',2003.4,'1994-02-21 16:49:37',0),(521,7,6,'Dakota','Adkins',2969.16,'1985-05-08 12:13:03',0),(522,18,5,'Rosalyn','Alvarez',2122.88,'1962-08-16 16:30:23',0),(523,14,1,'Alma','Barton',3574,'1965-10-26 02:28:27',0),(524,6,6,'Dahlia','Ware',2063.81,'1977-09-07 09:14:03',0),(525,25,2,'Hector','Pope',3371.62,'1988-02-03 17:12:56',0),(526,22,5,'Sybil','James',1962.28,'1978-02-05 19:56:16',0),(527,12,3,'Dexter','Munoz',2754,'1975-08-23 10:42:55',0),(528,23,6,'Amal','Dickson',3340.41,'1990-11-25 23:00:10',0),(529,5,4,'Harrison','White',1381.12,'1956-11-17 09:51:41',0),(530,13,3,'Uriah','Smith',1116.42,'1965-08-28 03:48:30',0),(531,18,3,'Bruce','Vaughan',2302.59,'1980-08-02 17:07:32',0),(532,1,5,'Laith','Pace',2068.03,'1979-11-05 02:58:01',0),(533,26,2,'Tanya','Ayala',2130.47,'1959-06-25 14:07:31',0),(534,2,3,'Brandon','Stone',1926.14,'1984-12-30 23:37:28',1),(535,9,1,'Declan','James',3546,'1990-09-12 06:22:07',0),(536,12,1,'Mariko','Anderson',3506,'1978-11-18 09:48:58',0),(537,10,5,'Eaton','Small',1478.79,'1985-05-09 01:44:42',0),(538,8,6,'Barry','Stuart',3371.62,'1959-01-09 20:03:13',1),(539,5,4,'Basil','Franklin',1000.19,'1956-09-25 14:35:53',0),(540,13,2,'Raymond','Saunders',2294.16,'1984-03-21 00:44:44',0),(541,13,1,'Driscoll','Pena',2009.7,'1975-09-14 21:59:21',0),(542,1,1,'Keith','Lowe',2946,'1973-01-22 01:13:04',0),(543,24,2,'Ferris','Rowe',2476.41,'1976-11-26 05:32:30',0),(544,9,3,'Christen','Sullivan',3017.25,'1978-07-19 12:33:56',0),(545,21,4,'Fatima','Owen',3322.69,'1961-09-01 03:00:18',0),(546,8,2,'Demetrius','Vega',1914.42,'1982-11-23 04:11:46',0),(547,21,2,'Audrey','Craig',2419.88,'1988-04-29 16:22:35',0),(548,10,4,'Katelyn','Roth',1186.75,'1990-12-18 23:31:34',0),(549,11,2,'Randall','Garrison',1799.17,'1963-08-23 02:31:21',0),(550,8,5,'Kibo','Yates',3321.84,'1987-06-25 04:03:20',0),(551,4,2,'Felicia','Huber',2648.53,'1957-08-29 20:04:46',0),(552,2,5,'Zoe','Poole',1148.65,'1988-04-20 05:58:33',0),(553,12,4,'Kadeem','Velez',1907.59,'1961-08-04 01:48:33',0),(554,10,1,'Sylvester','Dunlap',1822.1,'1988-03-02 05:00:55',0),(555,18,2,'Carolyn','Rowland',3094.88,'1960-12-14 18:38:24',0),(556,7,5,'Indigo','Jenkins',2651.91,'1995-02-18 05:56:14',0),(557,17,3,'Zenaida','Weeks',1020.7,'1982-11-13 21:58:46',0),(558,5,3,'Coby','Atkinson',1845.07,'1987-03-25 13:51:21',0),(559,8,4,'Scarlet','Whitley',3185.16,'1960-03-28 21:24:19',0),(560,7,1,'Meghan','Larsen',3939,'1982-10-20 01:29:39',0),(561,1,1,'Rhonda','Collier',2096.85,'1963-10-16 00:57:23',0),(562,13,1,'Marcia','Calhoun',3939,'1957-02-16 15:37:53',0),(563,11,4,'Hayes','Fletcher',3139.59,'1957-01-24 17:55:53',0),(564,13,2,'Dora','Cooke',2004.88,'1979-11-14 14:21:24',1),(565,16,2,'Yuli','Adkins',1880.24,'1979-05-15 18:59:33',0),(566,10,1,'Eagan','Rush',2036,'1993-08-19 10:53:11',0),(567,28,2,'Sheila','Copeland',2394.56,'1989-08-18 07:08:42',0),(568,1,5,'Gage','Randolph',2739.66,'1989-01-21 09:14:23',0),(569,10,1,'Karly','Olsen',2874,'1978-12-19 10:29:32',0),(570,4,3,'Reuben','Stanton',1097.86,'1977-03-03 19:50:26',0),(571,20,2,'Curran','Stewart',1008,'1986-09-14 01:54:49',0),(572,25,2,'Bertha','Norton',1196.44,'1975-03-21 01:33:10',0),(573,1,4,'Jelani','Burns',1427.03,'1995-11-24 02:14:44',0),(574,11,3,'Carissa','Henson',1743.49,'1964-06-28 00:05:08',1),(575,20,2,'Daniel','Bowers',2773.41,'1994-05-27 13:01:14',0),(576,9,3,'Nita','Humphrey',3194.44,'1974-03-11 12:06:37',0),(577,23,2,'Nelle','Sexton',2013.96,'1978-06-25 23:33:57',0),(578,15,6,'Aline','Stein',2058.75,'1993-08-12 00:32:44',0),(579,12,3,'Amity','Howell',2558.25,'1960-10-18 12:39:04',0),(580,27,2,'Olivia','Fulton',3006.28,'1985-08-11 00:48:25',0),(581,20,4,'Ila','Chang',2035.54,'1987-12-29 09:16:10',0),(582,4,4,'Brendan','Jordan',1855.82,'1989-04-13 08:41:10',0),(583,27,6,'Lucy','Larson',2173.5,'1983-05-23 06:19:47',0),(584,4,3,'Daquan','Greer',1980.84,'1981-09-09 20:45:27',1),(585,18,2,'Tamekah','Mejia',2500.03,'1988-11-10 03:22:39',0),(586,18,2,'Valentine','Rivas',2882.25,'1981-03-22 13:22:13',0),(587,28,3,'Akeem','Faulkner',1668.09,'1978-10-18 23:51:43',0),(588,14,5,'Isaac','Perez',2082.38,'1992-05-04 04:14:30',0),(589,28,4,'Emery','Goodwin',1344.94,'1976-06-10 02:31:06',0),(590,15,4,'Kenyon','Romero',2279.81,'1979-10-18 02:15:25',0),(591,24,3,'Catherine','Holland',1749.35,'1969-07-27 20:13:41',0),(592,17,4,'Cole','Fischer',1865.59,'1984-04-08 20:33:44',0),(593,3,5,'Teagan','Foreman',1369.4,'1969-08-30 12:56:27',0),(594,9,4,'Zahir','Foley',2338.03,'1976-03-02 04:08:18',0),(595,1,6,'Aretha','Sheppard',3360.66,'1977-11-27 23:16:08',0),(596,7,5,'Jessamine','Dodson',2044.66,'1986-09-03 15:56:08',0),(597,27,5,'Buffy','Cross',2653.59,'1964-07-17 01:53:16',0),(598,8,6,'Sharon','Owen',1296.14,'1984-04-10 09:05:34',0),(599,21,2,'Emily','Garrett',1000.19,'1989-06-03 07:24:54',0),(600,28,3,'Paula','Tate',1198.12,'1985-03-10 13:46:36',0),(601,27,2,'Francesca','Douglas',2111.91,'1964-10-29 23:54:00',0),(602,19,2,'Darrel','Donaldson',1066.61,'1993-03-05 00:55:08',0),(603,5,4,'Jonas','Ashley',2132.16,'1993-05-22 08:24:52',0),(604,18,1,'Warren','Wilkinson',2762,'1993-01-03 12:59:33',0),(605,1,2,'Ora','Frank',1011.91,'1957-02-19 13:00:59',0),(606,2,5,'Deirdre','Morrison',2776.78,'1958-06-14 15:40:24',0),(607,28,1,'Madeline','Mccoy',3819,'1995-09-20 13:52:57',0),(608,3,2,'Leandra','Mcclain',2099.03,'1965-06-03 16:59:08',0),(609,22,6,'Lane','Horn',1027.54,'1962-02-05 21:50:14',0),(610,9,3,'Samuel','Austin',2052.84,'1968-08-30 12:28:40',0),(611,12,1,'Tobias','Fitzpatrick',3383,'1992-09-05 21:30:27',0),(612,21,6,'Jelani','Schroeder',2256.19,'1978-01-16 19:35:23',0),(613,26,3,'Camille','Roman',2883.94,'1993-04-24 20:09:43',0),(614,3,5,'Tyrone','Lewis',1556.93,'1981-06-30 10:41:46',0),(615,25,3,'Jelani','Hunter',1938.09,'1978-06-27 00:41:07',1),(616,1,5,'Emerald','Herrera',1511.03,'1969-10-19 07:06:08',0),(617,8,3,'Shannon','Anthony',1966.19,'1971-10-11 22:13:21',0),(618,26,2,'Gannon','Ellis',2884.78,'1969-03-30 12:31:34',0),(619,26,3,'Noelani','Barrett',853.875,'1976-10-17 13:03:14',0),(620,22,2,'Rebekah','Wall',2993.62,'1975-10-03 09:10:59',1),(621,4,4,'Ainsley','Mccall',3197.81,'1989-03-06 06:22:13',0),(622,9,2,'Quin','Valdez',2851.03,'1979-06-07 15:32:45',0),(623,4,2,'Kibo','Huff',2791.12,'1957-10-02 15:11:59',0),(624,8,3,'Ruby','Patterson',2020.47,'1977-11-09 17:28:19',0),(625,12,4,'Robin','Wooten',2058.61,'1972-10-21 17:46:31',0),(626,28,3,'Kennedy','Solis',3265.31,'1958-05-12 15:19:41',0),(627,1,1,'Meredith','Vance',3790,'1961-01-19 22:19:56',0),(628,25,1,'Adria','Mccormick',3897,'1978-11-09 07:49:00',0),(629,23,2,'Ainsley','Church',2045.59,'1965-05-18 09:03:46',0),(630,8,1,'Whitney','Roth',1441.24,'1970-11-03 03:40:05',0),(631,28,3,'Robert','Park',2731.22,'1976-01-22 07:19:03',0),(632,27,1,'Linda','Deleon',3508,'1978-12-17 13:33:21',1),(633,15,1,'Leila','Suarez',2122,'1989-11-07 05:08:06',0),(634,12,2,'Madeline','Best',2359.97,'1978-04-29 01:30:11',0),(635,27,6,'Judah','Hayes',879.188,'1962-12-27 00:57:17',0),(636,14,1,'Wilma','Fischer',2442,'1977-03-02 03:23:26',0),(637,21,5,'Beverly','Maldonado',3351.38,'1962-10-31 01:41:03',0),(638,7,2,'Conan','Branch',2057.68,'1970-03-31 20:07:40',1),(639,27,1,'Kelly','Petty',3844,'1979-11-07 15:17:21',0),(640,3,2,'Veronica','Lindsay',1754.24,'1973-10-09 02:29:52',0),(641,10,5,'Camilla','Fuentes',3134.53,'1961-06-14 01:41:55',0),(642,16,2,'Calvin','Short',3229.88,'1983-01-19 08:53:26',0),(643,16,3,'Gavin','Campos',2096.72,'1974-06-10 20:48:49',0),(644,20,4,'Amela','Rosa',2093.03,'1983-02-10 12:51:20',0),(645,21,5,'Julie','Bryan',2498.34,'1958-09-25 02:34:40',0),(646,12,1,'Cora','Jacobson',3634,'1968-02-29 08:28:42',0),(647,18,1,'Elizabeth','Williams',3159,'1965-12-01 12:35:33',0),(648,7,3,'Amela','Doyle',2886.47,'1986-07-27 11:26:16',0),(649,27,1,'Breanna','Jacobson',3623,'1960-09-13 05:58:21',0),(650,13,4,'Clare','Becker',1034.37,'1995-08-22 18:59:19',0),(651,10,3,'Oscar','Hall',1167.21,'1967-09-01 10:46:23',0),(652,5,6,'Ebony','Burch',2010.19,'1980-12-30 03:06:55',0),(653,11,1,'Levi','Townsend',2797,'1959-05-12 20:29:52',0),(654,22,6,'Driscoll','Lara',2828.25,'1992-02-28 10:23:57',0),(655,23,1,'Madeline','Bradshaw',2782,'1957-12-26 01:19:25',0),(656,17,1,'Sonia','Bailey',2465,'1992-05-16 09:49:02',0),(657,20,5,'Nasim','Burch',3295.69,'1963-01-10 02:28:42',0),(658,24,6,'Dustin','Gaines',2386.12,'1969-01-09 02:50:38',0),(659,4,3,'Germane','Poole',1159.4,'1961-12-23 14:42:25',0),(660,14,5,'Flynn','Allen',2291.62,'1957-04-05 06:11:00',0),(661,14,4,'Mira','Pacheco',2285.72,'1958-04-28 03:47:00',0),(662,12,4,'Eric','Maldonado',2488.22,'1988-12-24 10:40:35',0),(663,8,2,'Basil','Rowe',1831.4,'1961-12-30 19:08:37',0),(664,25,6,'Xavier','Carney',3270.38,'1984-02-25 07:40:30',0),(665,17,4,'Hedy','Peck',1741.54,'1995-12-21 22:52:58',1),(666,16,3,'Lacota','Langley',3080.53,'1977-12-07 06:25:14',0),(667,9,4,'Orla','Rivera',2941.31,'1956-10-15 14:00:09',0),(668,10,3,'Derek','Mckee',2273.91,'1989-12-23 04:29:59',0),(669,21,2,'Keiko','Pittman',2936.25,'1977-01-21 09:58:35',0),(670,9,1,'Sheila','Bass',2045,'1992-06-05 15:30:39',0),(671,8,4,'Levi','Head',3266.16,'1962-12-29 08:50:07',0),(672,12,4,'Rowan','Monroe',3251.81,'1971-04-17 14:57:21',0),(673,23,1,'Yardley','Rice',3486,'1975-01-01 14:08:08',0),(674,1,3,'Zorita','Nicholson',1399.68,'1995-08-14 09:33:49',0),(675,3,1,'Hilda','Ward',1635.72,'1958-03-29 10:33:49',0),(676,6,2,'Nero','Shannon',1241.44,'1984-03-30 16:41:22',0),(677,13,1,'Maite','Whitaker',3713,'1983-11-07 22:43:31',0),(678,1,3,'Quentin','Fox',2980.97,'1977-06-01 02:49:49',1),(679,21,6,'Zachery','Mckee',3283.88,'1975-06-03 12:24:07',0),(680,14,6,'Ignacia','Lawrence',2478.09,'1965-04-14 23:12:44',0),(681,17,3,'Len','Kirk',2694.94,'1973-08-27 06:17:24',0),(682,17,6,'Jason','Weber',1190.65,'1983-08-16 18:31:24',0),(683,1,4,'Kelsie','Case',2010.24,'1982-12-11 05:32:19',0),(684,17,1,'Sebastian','Christian',1583.63,'1967-01-28 07:12:43',0),(685,27,5,'Aphrodite','Rocha',2700.84,'1978-10-30 22:23:19',0),(686,28,3,'Shoshana','Kemp',2089.97,'1988-01-05 12:42:44',0),(687,21,3,'Gillian','Morgan',2078.41,'1967-10-26 21:04:01',0),(688,26,2,'Lucas','Austin',1851.19,'1986-03-26 01:34:00',0),(689,5,2,'Odysseus','Barr',1395.77,'1967-11-22 07:01:03',0),(690,16,2,'Dorothy','Conner',2144.81,'1967-03-24 06:20:03',0),(691,17,4,'Colin','Decker',1638.98,'1978-05-30 13:26:12',0),(692,18,6,'Lucas','Cantu',2770.03,'1967-01-24 06:05:33',0),(693,27,3,'Tyrone','Cabrera',1598.91,'1987-02-04 07:26:23',0),(694,15,5,'Dawn','Avery',3267,'1992-04-06 01:58:39',1),(695,11,1,'Chelsea','Weber',3686,'1977-07-27 06:59:05',0),(696,23,6,'Kelsey','Snider',3115.12,'1984-06-29 10:09:49',0),(697,26,2,'Kaden','Atkins',1577.81,'1977-09-03 15:40:26',0),(698,1,5,'Paula','French',3329.44,'1964-11-15 16:30:56',0),(699,18,3,'Malik','Osborne',3096.56,'1967-07-09 13:50:03',0),(700,21,4,'Jayme','Duke',2118.66,'1987-07-08 15:13:36',0),(701,19,5,'Acton','Byers',2688.19,'1964-02-19 07:54:24',0),(702,3,3,'Taylor','Ewing',1524.7,'1974-05-28 04:12:50',0),(703,12,6,'Petra','Compton',2335.5,'1989-06-01 09:41:07',0),(704,23,6,'Mannix','Morse',1249.26,'1992-12-01 08:35:55',1),(705,26,6,'Imelda','Weber',2840.91,'1958-04-07 15:38:03',0),(706,8,2,'Julie','Beck',2172.66,'1987-03-05 19:56:51',0),(707,1,3,'Luke','Morales',1553.03,'1963-09-30 10:31:31',0),(708,3,2,'Imani','Obrien',1402.61,'1968-05-20 23:02:52',0),(709,4,1,'Gareth','Glass',3899,'1990-06-10 19:12:59',0),(710,11,1,'Wang','Huffman',2439,'1966-01-27 16:52:34',0),(711,7,4,'Arden','Meadows',2248.59,'1989-12-05 14:34:04',0),(712,17,2,'Avye','Romero',1201.4,'1979-04-19 15:13:36',0),(713,1,6,'Flynn','Larsen',2154.94,'1958-04-01 03:30:42',0),(714,27,6,'Tamekah','Crane',1608.19,'1967-06-24 23:26:00',0),(715,28,2,'Ava','Lancaster',1650.38,'1981-03-16 16:18:16',0),(716,16,2,'Mikayla','Harrington',2072.25,'1970-11-25 19:21:46',0),(717,9,1,'Cheyenne','Mckay',2433,'1964-11-06 00:43:38',0),(718,28,5,'Alice','Ramos',1652.06,'1989-06-28 16:20:45',0),(719,28,6,'Whitney','Carney',3276.28,'1995-01-03 07:30:51',0),(720,20,5,'Zenaida','Yang',3308.34,'1956-01-28 04:19:11',0),(721,15,6,'MacKenzie','Hansen',2263.78,'1992-12-23 03:18:36',0),(722,19,6,'Alexis','Washington',2451.94,'1981-09-26 01:23:40',0),(723,10,6,'Nell','Moody',2243.53,'1985-11-06 20:49:17',0),(724,24,1,'Dacey','Garrett',1749.17,'1963-04-20 06:07:25',0),(725,23,5,'Selma','Robinson',2323.69,'1969-03-05 19:44:22',0),(726,27,1,'Gavin','Copeland',1600,'1960-06-04 18:54:01',0),(727,26,3,'Reece','Contreras',2749.78,'1956-09-30 19:31:05',0),(728,20,6,'Hilary','Brown',2103.47,'1984-12-30 08:00:56',0),(729,6,5,'Aretha','Merritt',2687.34,'1991-06-25 18:58:02',0),(730,4,2,'Risa','Nguyen',3145.5,'1957-12-21 08:06:12',0),(731,14,6,'Amal','Acosta',3211.31,'1959-08-03 12:41:15',1),(732,5,3,'Caleb','Blankenship',2091.7,'1985-05-05 21:51:04',1),(733,19,6,'Martha','Franklin',2394.56,'1981-05-19 20:46:57',0),(734,14,5,'Alan','Kline',1156.47,'1965-04-04 10:36:27',0),(735,25,3,'Lars','Bridges',1612.41,'1990-11-10 03:21:04',0),(736,17,3,'Gemma','Donovan',1170.14,'1980-05-24 21:31:07',0),(737,13,2,'Moana','Flynn',2743.03,'1986-11-22 08:44:53',0),(738,17,5,'Aretha','Coffey',1069.54,'1961-01-14 01:58:55',0),(739,6,4,'Catherine','Conrad',3028.22,'1992-11-21 08:53:35',0),(740,24,6,'Amelia','Franco',2007.45,'1962-05-12 04:55:35',0),(741,2,6,'Chaney','Wagner',2093.03,'1990-05-12 05:36:45',0),(742,16,4,'Nevada','Chandler',2992.78,'1993-06-12 23:53:09',0),(743,7,5,'Suki','Salazar',2058.03,'1962-09-07 01:46:02',0),(744,20,5,'Brendan','Mcknight',2651.06,'1959-11-03 03:01:31',0),(745,18,4,'Flynn','Fuller',2146.5,'1984-04-01 12:24:49',0),(746,5,6,'Roary','Weeks',1828.47,'1987-01-18 01:46:45',0),(747,8,4,'Lael','Ellison',1449.49,'1963-12-11 10:25:09',0),(748,1,4,'Lunea','Miranda',3057.75,'1974-07-18 09:17:07',0),(749,23,2,'Micah','Sims',1858.75,'1990-09-30 06:19:05',0),(750,23,2,'Signe','Johnson',2867.91,'1959-01-26 22:27:10',0),(751,9,3,'Chanda','Wright',2338.88,'1966-08-09 21:09:49',0),(752,8,2,'Gloria','Weaver',3045.09,'1962-07-23 06:26:29',0),(753,10,1,'Graiden','Clements',2018,'1963-02-11 06:50:49',0),(754,23,1,'Zena','Wright',1296.54,'1973-06-24 03:36:39',0),(755,8,6,'Abbot','Warren',2987.72,'1980-09-04 00:34:45',0),(756,25,6,'Wyoming','Roach',1480.78,'1957-02-05 01:01:46',0),(757,8,3,'Colby','Jensen',3175.03,'1976-02-29 21:51:43',0),(758,19,4,'Daquan','Fernandez',1950.56,'1982-11-15 14:11:02',0),(759,25,3,'Chloe','Duncan',2680.59,'1980-12-05 14:34:27',0),(760,4,2,'Eagan','Moore',2058.92,'1992-04-23 12:36:14',0),(761,5,5,'Alec','Haynes',1860.7,'1960-09-25 01:23:07',0),(762,10,4,'Abel','Orr',2499.19,'1959-02-03 10:26:22',0),(763,14,4,'Ima','Sargent',2233.41,'1992-07-02 03:52:02',0),(764,10,5,'Lacota','Elliott',1233.63,'1976-07-03 21:54:04',0),(765,25,3,'Grant','Evans',1905.19,'1964-07-01 21:35:25',0),(766,27,6,'Kimberley','Pitts',2229.19,'1984-04-08 20:04:01',0),(767,22,2,'Ora','Mckee',2476.41,'1956-04-27 19:00:48',0),(768,16,1,'Cain','Aguilar',2054,'1993-09-16 08:57:32',0),(769,18,6,'Nicole','Nichols',1092,'1980-06-03 01:34:19',0),(770,15,4,'Kelsey','Castillo',3051.84,'1966-12-24 06:34:47',0),(771,12,2,'Ezekiel','Holder',2369.25,'1963-07-30 19:04:01',0),(772,20,3,'Sandra','Britt',1328.37,'1974-09-04 10:51:26',0),(773,8,6,'Tate','Durham',3273.75,'1969-06-12 11:48:46',0),(774,20,5,'Cassady','Roth',2047.4,'1983-12-22 16:13:10',0),(775,15,2,'Anthony','Holloway',1779.63,'1963-03-28 03:01:13',0),(776,7,1,'Sigourney','Beck',2973,'1986-12-31 18:28:42',0),(777,26,1,'Adrian','Flores',3983,'1989-12-01 00:48:34',0),(778,23,6,'Jolie','Steele',1874.38,'1979-11-18 19:56:37',0),(779,27,4,'Jamal','Rojas',1266.47,'1980-10-14 14:51:25',0),(780,23,3,'Donovan','Britt',1217.03,'1995-11-01 11:28:43',0),(781,19,4,'Sophia','Torres',3049.31,'1957-06-27 22:00:12',0),(782,11,2,'Carlos','Mcguire',2116.97,'1980-09-19 18:13:26',0),(783,4,1,'Gray','Brewer',2587,'1965-10-16 14:41:55',0),(784,7,1,'Quinn','Payne',3158,'1992-07-07 05:31:56',0),(785,6,6,'Hasad','Mccray',1654.61,'1956-03-03 13:55:06',0),(786,22,2,'Rachel','Jacobs',1481.72,'1977-01-15 09:33:18',0),(787,16,3,'Tanek','Day',2001.33,'1973-02-16 12:20:23',0),(788,16,5,'Ariel','Calhoun',1857.77,'1983-08-19 19:06:20',0),(789,21,6,'Mary','Reynolds',1068.56,'1995-02-02 02:56:27',0),(790,23,5,'William','Cohen',3038.34,'1988-04-22 23:21:15',0),(791,17,4,'Miranda','Barlow',2384.44,'1974-06-16 17:13:10',0),(792,20,3,'Libby','Marshall',1821.63,'1992-10-11 05:46:46',0),(793,21,6,'Jescie','Hayden',2277.28,'1974-08-31 21:24:27',0),(794,28,1,'Dara','Mathis',1749,'1983-06-19 05:06:08',0),(795,8,1,'Camilla','Cortez',3067,'1985-05-24 12:56:48',0),(796,9,6,'Shannon','Shelton',993.351,'1986-01-03 22:37:08',0),(797,24,1,'Chiquita','Ramsey',1742.23,'1992-10-18 01:59:52',0),(798,21,5,'Britanney','Britt',2495.81,'1967-08-16 09:44:12',0),(799,11,2,'Madison','Barrera',3345.47,'1957-01-21 11:00:36',0),(800,12,3,'Elvis','Dale',2753.16,'1980-03-13 03:28:56',0),(801,8,2,'Tyler','Holman',2044.74,'1973-10-06 21:36:09',0),(802,7,1,'Selma','Hooper',2507,'1979-12-26 18:31:25',0),(803,1,4,'Grace','Bell',2845.12,'1974-07-10 14:16:14',0),(804,14,4,'Kenyon','Leblanc',2664.56,'1971-10-18 08:33:42',0),(805,5,5,'Marcia','Mann',3191.06,'1981-08-02 07:47:40',0),(806,1,5,'Gil','Quinn',2720.25,'1956-03-16 22:55:11',0),(807,26,2,'Courtney','Middleton',853.875,'1965-12-10 15:44:56',1),(808,17,1,'Ifeoma','Berger',3242,'1995-01-11 09:40:10',0),(809,1,2,'Leah','Robinson',3037.5,'1969-02-22 22:13:13',0),(810,7,3,'Julie','Mcmillan',1255.12,'1984-03-22 09:01:10',0),(811,26,4,'Vielka','Obrien',878.344,'1995-11-29 07:45:45',0),(812,13,3,'Nathan','Woodard',3085.59,'1968-07-06 09:53:32',0),(813,7,2,'Theodore','Gonzalez',3113.44,'1976-10-31 08:10:07',0),(814,24,1,'Barclay','Munoz',2616,'1963-12-12 17:05:51',0),(815,17,6,'Sophia','Cherry',998.234,'1956-02-07 22:50:06',0),(816,28,3,'Selma','Foley',2852.72,'1956-07-23 18:48:00',0),(817,16,5,'Jasper','Rollins',2097.68,'1986-07-17 21:35:01',0),(818,25,4,'Barclay','Blair',2759.06,'1968-04-13 12:17:41',0),(819,24,1,'Roth','Hickman',3972,'1980-02-24 22:03:14',0),(820,27,2,'Alyssa','Charles',1493.44,'1976-07-12 20:16:47',0),(821,11,2,'Gil','Thomas',1727.86,'1976-05-31 07:47:30',0),(822,7,5,'Deanna','Sampson',2025,'1959-12-18 06:51:25',0),(823,7,6,'Kelly','Church',2887.31,'1991-06-22 19:32:17',0),(824,18,6,'Xandra','Haney',3202.88,'1990-05-16 14:38:45',0),(825,5,6,'Kevin','Smith',2233.41,'1993-05-03 21:30:22',0),(826,16,4,'Quon','Perez',2008.12,'1992-04-24 18:31:54',0),(827,25,3,'Dane','Pruitt',3131.16,'1956-05-27 19:43:15',0),(828,1,6,'Malik','Meadows',1968.14,'1975-04-26 16:54:15',0),(829,11,2,'Maile','Best',2134.69,'1993-04-24 14:15:56',0),(830,24,5,'Brandon','Berry',2405.53,'1960-12-06 11:52:45',0),(831,11,1,'Emerson','Gallegos',3656,'1981-06-05 07:34:23',0),(832,9,5,'Lane','Caldwell',1289.3,'1970-10-25 10:47:14',0),(833,15,5,'Elaine','Kirby',3031.59,'1986-03-15 17:55:53',0),(834,15,3,'Uriah','Sexton',2006.65,'1985-10-17 07:00:57',0),(835,4,2,'Jelani','Juarez',2099.54,'1970-09-08 16:40:05',0),(836,4,1,'Joel','Alvarado',3891,'1980-12-21 11:42:32',0),(837,37,3,'Chancellor','Wolfe',2050.19,'1962-05-14 00:48:55',0),(838,37,6,'Quail','Mills',2456.16,'1966-12-18 23:01:51',0),(839,19,3,'Whilemina','Small',2543.06,'1984-09-07 05:34:03',0),(840,51,5,'Darrel','Rutledge',2767.5,'1970-11-29 05:15:08',0),(841,29,6,'Len','Wyatt',1242,'1991-05-23 16:57:02',0),(842,44,6,'Noble','Fletcher',2550.66,'1985-02-18 02:28:18',0),(843,34,3,'Sylvia','Peterson',2474.72,'1963-07-12 15:28:26',0),(844,32,2,'Sara','Wood',1803.09,'1977-12-15 12:18:08',0),(845,24,4,'Emily','Mayo',2032.59,'1961-09-30 18:04:34',0),(846,24,6,'Prescott','Buchanan',1620.42,'1982-01-11 13:53:59',0),(847,44,2,'Xena','Fischer',1108.61,'1984-10-07 08:25:40',0),(848,22,1,'Freya','Odonnell',2502,'1956-05-16 12:22:05',0),(849,42,6,'Thane','Valenzuela',2391.19,'1978-06-19 01:03:51',0),(850,4,3,'Aspen','Evans',2750.62,'1957-10-29 19:21:39',0),(851,42,3,'Olga','Schultz',2616.47,'1977-08-08 21:51:44',0),(852,14,5,'Bethany','Long',2348.16,'1965-07-28 01:45:04',0),(853,21,4,'Octavius','Byrd',2197.97,'1972-05-15 01:31:03',0),(854,30,3,'Hall','Hicks',2343.09,'1978-10-17 14:17:04',0),(855,11,4,'Maryam','Gray',1589.17,'1985-09-13 18:40:48',0),(856,10,3,'Jordan','Schultz',1041.21,'1961-08-02 04:49:04',1),(857,52,3,'Gray','Jennings',2613.94,'1981-01-22 15:01:30',0),(858,27,2,'Gavin','Dominguez',1201.5,'1992-06-29 11:59:09',0),(859,26,2,'John','Price',2646,'1962-03-22 19:53:39',0),(860,17,1,'Brian','Knight',3472,'1969-01-15 19:04:24',0),(861,28,5,'Carlos','Buckner',1290.94,'1981-04-21 00:49:55',0),(862,38,1,'Veronica','Witt',1554.69,'1956-10-24 19:04:25',0),(863,28,2,'Jennifer','Pugh',3292.31,'1968-09-22 05:39:36',0),(864,10,4,'Quintessa','Spears',2583.56,'1979-07-30 13:51:13',0),(865,39,6,'Rooney','Mclaughlin',2954.81,'1974-06-19 20:35:49',0),(866,26,4,'Whitney','Galloway',1420.03,'1978-09-13 05:23:06',0),(867,14,1,'Margaret','Fletcher',2008.76,'1958-05-02 03:38:40',0),(868,51,1,'Jacob','Spencer',2376,'1962-11-26 13:50:31',0),(869,39,4,'Beau','Rasmussen',2807.16,'1966-03-17 05:43:18',0),(870,52,4,'Melissa','Massey',1469.03,'1993-08-04 15:40:30',1),(871,13,1,'Emily','Petty',2027.55,'1971-07-08 02:21:40',0),(872,9,4,'Alyssa','Whitaker',1000.19,'1971-08-13 17:22:52',0),(873,1,3,'Ramona','Roman',1212.14,'1956-08-31 20:14:28',0),(874,10,5,'Kasimir','Hawkins',2557.41,'1977-05-15 00:03:36',0),(875,12,3,'Alisa','Page',1930.05,'1985-09-23 06:11:08',0),(876,35,1,'Norman','Buckner',1049,'1979-02-13 11:12:02',0),(877,13,2,'Chava','Chang',1292.24,'1980-01-28 23:06:09',0),(878,27,4,'Kareem','Stephens',2028.38,'1970-01-28 08:07:51',0),(879,6,5,'Lance','Wilkerson',1140.84,'1985-06-20 07:19:51',1),(880,35,2,'Martena','Rutledge',1987.03,'1959-03-28 01:54:40',0),(881,36,6,'Raya','Paul',2875.5,'1973-08-20 14:13:59',1),(882,18,3,'Cruz','Palmer',1318.61,'1994-03-16 23:26:04',0),(883,53,1,'Wang','Petty',2038.05,'1974-03-25 21:48:33',0),(884,20,3,'Hollee','Graves',2500.88,'1983-09-21 04:55:57',1),(885,5,5,'Hedwig','Sharp',1329.35,'1995-02-01 18:39:31',0),(886,48,2,'India','Hester',1301.03,'1979-01-16 09:41:43',0),(887,11,1,'Chaney','Lynch',3188,'1957-02-06 13:04:33',0),(888,38,4,'Desirae','Schneider',2072.66,'1985-06-15 03:45:21',0),(889,7,1,'Stewart','Page',3968,'1958-08-14 17:41:10',0),(890,51,5,'Nolan','French',2927.81,'1986-05-20 03:54:53',0),(891,39,5,'Hall','Fuller',1096.89,'1974-08-31 13:09:46',1),(892,8,3,'Reece','Barnes',2097.68,'1965-04-13 09:58:48',0),(893,41,3,'Hayley','Davenport',3223.12,'1992-03-29 20:28:58',0),(894,31,4,'Calvin','Guzman',967.781,'1968-07-31 12:51:17',0),(895,24,2,'Brian','Reeves',1178.93,'1967-09-30 04:08:21',0),(896,50,2,'Althea','Hensley',2981.81,'1988-07-19 22:36:13',0),(897,17,4,'Miriam','Pacheco',3083.06,'1978-01-10 11:42:46',0),(898,34,6,'Vielka','Marks',2214.84,'1969-05-04 13:17:49',0),(899,45,4,'Kyle','England',2371.78,'1992-05-08 16:33:02',0),(900,5,4,'Boris','Cooley',2423.25,'1977-08-06 12:00:10',0),(901,4,2,'Lesley','Albert',3049.31,'1964-12-28 12:01:46',0),(902,47,2,'Jillian','Burch',1164.28,'1964-09-28 01:21:16',0),(903,22,4,'Winter','Norton',3142.97,'1972-11-26 05:10:44',0),(904,52,6,'Amos','Mcneil',1167.21,'1986-10-10 05:52:52',0),(905,48,6,'Keith','Graham',1825.54,'1975-12-23 04:54:36',0),(906,49,1,'Vernon','Stephenson',2026.5,'1974-04-16 01:59:02',0),(907,49,2,'Heidi','Pruitt',1143.77,'1956-10-15 03:36:27',0),(908,33,4,'Lillian','Stein',1427.62,'1972-08-06 04:54:13',0),(909,25,6,'Phillip','Britt',2056.22,'1967-11-21 01:38:01',0),(910,35,2,'Avye','Burks',2300.06,'1968-11-28 18:41:51',1),(911,10,2,'Delilah','Holloway',2699.16,'1960-10-04 09:49:11',0),(912,9,2,'Elton','Paul',1589.17,'1983-05-11 07:46:34',0),(913,23,1,'Fredericka','Holder',2145,'1984-01-16 18:31:11',0),(914,48,4,'Veronica','Barrett',2192.06,'1989-12-29 03:18:54',0),(915,10,4,'Adria','Lewis',1856.79,'1982-07-23 12:55:44',0),(916,6,6,'Anjolie','Hurley',2557.41,'1971-05-03 20:11:11',0),(917,15,3,'Patience','Wolfe',1491.49,'1995-02-24 16:47:46',0),(918,40,1,'Linus','Obrien',2848,'1974-02-06 02:57:51',0),(919,41,5,'Erica','Perkins',2732.06,'1993-03-16 02:04:06',1),(920,16,6,'Ronan','Vaughn',2297.53,'1965-07-11 13:54:23',0),(921,34,6,'Graiden','Howe',2282.34,'1959-02-10 21:59:42',0),(922,17,1,'Rudyard','Larsen',3396,'1968-11-27 04:57:43',0),(923,52,3,'Darryl','Stout',1491.49,'1964-10-06 08:23:34',0),(924,8,3,'Audrey','Jefferson',2357.44,'1957-12-15 00:54:11',0),(925,34,1,'Tarik','Petersen',1339,'1962-04-08 19:03:35',0),(926,14,2,'Ahmed','Cline',2775.94,'1984-03-01 14:05:26',0),(927,49,5,'Barrett','Frye',1062.7,'1978-07-16 06:38:09',0),(928,36,6,'Marshall','Murray',2687.34,'1995-05-15 19:33:51',0),(929,55,3,'Patrick','Lang',1633.12,'1987-07-03 16:47:21',1),(930,12,4,'Richard','Pugh',3089.81,'1989-05-13 06:30:49',0),(931,21,3,'Cheyenne','Trujillo',1337.17,'1978-06-14 16:33:44',1),(932,35,1,'Audrey','Morin',3734,'1981-01-01 09:19:41',0),(933,42,4,'Chadwick','Puckett',2587.78,'1964-09-06 12:37:21',0),(934,2,6,'Eagan','Henry',3215.53,'1969-03-18 14:26:43',0),(935,23,3,'Ursa','Foster',2694.09,'1966-08-17 04:32:20',0),(936,45,5,'Lynn','Whitney',2911.78,'1958-09-10 00:43:59',0),(937,24,3,'Drew','Mullins',2070.44,'1991-02-27 03:07:43',0),(938,25,2,'Sarah','Martin',2245.22,'1982-04-09 07:31:27',0),(939,27,6,'Sharon','Farley',2977.59,'1970-03-27 10:15:27',0),(940,13,2,'Carolyn','Schwartz',2882.25,'1995-12-18 22:54:10',0),(941,8,1,'Wesley','Wiley',3415,'1993-05-02 02:43:17',0),(942,17,6,'Maggy','Byrd',3249.28,'1987-09-18 07:10:52',0),(943,12,5,'Ima','Solomon',1873.4,'1989-11-27 10:21:50',0),(944,32,3,'Lisandra','Mcgowan',1037.81,'1964-02-15 16:23:21',0),(945,39,1,'Graham','Goodman',3731,'1988-02-18 13:01:05',0),(946,34,6,'Kevin','Johns',888.469,'1956-08-06 02:46:39',0),(947,40,2,'Maris','Knox',1001.16,'1971-01-01 14:09:17',0),(948,38,5,'Keely','Barker',2005.59,'1959-10-01 03:25:43',0),(949,35,2,'Abra','Elliott',3360.66,'1972-03-02 20:23:48',0),(950,31,5,'Asher','Murphy',1941.47,'1980-11-17 03:53:50',0),(951,13,2,'Melanie','Fisher',2494.12,'1992-05-05 09:15:51',0),(952,24,1,'Kristen','Fowler',3512,'1995-05-19 14:35:39',0),(953,50,1,'Ruth','White',3071,'1974-11-28 11:33:38',1),(954,31,4,'Charissa','Ballard',950.062,'1993-03-24 06:49:57',0),(955,50,2,'Claire','Slater',2517.75,'1972-09-26 18:21:55',0),(956,16,4,'Serina','Gonzalez',1758.14,'1975-08-11 14:12:12',0),(957,10,1,'Idona','Higgins',2070.5,'1987-05-31 23:19:51',0),(958,30,6,'Giacomo','Shepard',2163.38,'1967-02-27 21:06:21',1),(959,12,3,'Allen','Trujillo',2297.53,'1961-02-28 11:39:09',0),(960,46,4,'Sawyer','Sears',3050.16,'1969-06-08 19:31:40',0),(961,4,3,'Kevyn','Horn',2286.56,'1976-03-15 22:32:49',0),(962,31,4,'Cody','Ross',2929.5,'1970-04-12 20:15:49',0),(963,46,2,'Elmo','Cummings',3040.03,'1985-02-03 18:16:10',0),(964,12,3,'Adele','Gilbert',1183.82,'1981-02-06 05:15:30',0),(965,12,4,'Hunter','Stanley',2017.41,'1995-12-17 07:32:58',0),(966,26,6,'Geraldine','Ingram',1117.97,'1976-01-17 05:32:14',0),(967,29,6,'Martha','Rich',2642.62,'1979-06-19 08:40:39',0),(968,8,1,'Ima','Vaughan',2150,'1973-11-13 21:18:00',0),(969,44,6,'Idola','Williamson',2742.19,'1972-06-17 08:53:29',0),(970,30,6,'Nathan','Sparks',2926.97,'1977-07-01 08:14:52',0),(971,3,5,'Amity','Mooney',1600.89,'1994-08-02 06:33:41',1),(972,40,5,'Basil','King',2062.97,'1979-11-28 06:46:16',0),(973,27,4,'Nehru','Wiley',1276.59,'1973-08-06 06:56:56',0),(974,35,5,'Rajah','Crosby',1469.81,'1991-04-01 03:27:03',0),(975,44,6,'Rudyard','Park',1688.79,'1989-11-26 15:15:55',1),(976,37,4,'Kiara','York',1330.33,'1990-02-01 16:31:37',0),(977,34,1,'Donna','Carrillo',1919,'1988-11-16 20:46:47',0),(978,2,2,'Hedy','Rasmussen',2774.25,'1970-10-25 04:30:30',0),(979,39,6,'Fredericka','Orr',1516.89,'1971-05-19 08:19:24',0),(980,49,2,'Kirk','Fuller',3265.31,'1992-06-10 16:42:28',0),(981,6,5,'Callie','Travis',2230.03,'1982-08-06 10:33:06',0),(982,20,2,'Uriel','Mason',1407.49,'1980-01-13 21:58:08',0),(983,38,3,'Jordan','Trevino',3181.78,'1961-09-25 20:39:07',0),(984,26,5,'Lunea','Doyle',1052.16,'1957-12-12 20:44:50',0),(985,30,6,'Kylan','Hartman',2378.53,'1986-01-12 20:46:52',0),(986,13,1,'Duncan','Decker',3047,'1962-02-27 00:22:10',0),(987,41,4,'Cade','Franco',2873.81,'1991-12-14 11:56:16',0),(988,50,2,'Kylan','Hodges',1774.75,'1970-06-16 23:08:42',0),(989,28,3,'Renee','Gates',906.188,'1984-05-02 19:14:40',0),(990,48,5,'Nola','Byrd',1074.42,'1960-11-26 20:11:26',0),(991,29,6,'Dominic','Morgan',1252.97,'1962-03-17 10:16:00',0),(992,46,2,'Lisandra','Mullins',1833.35,'1982-01-07 18:00:01',0),(993,28,3,'Leandra','Morrow',2388.66,'1993-04-11 22:52:59',0),(994,17,3,'Quinn','Small',3373.31,'1966-11-08 21:51:56',0),(995,36,4,'Haviva','Miller',2060.44,'1971-11-27 20:56:20',0),(996,53,1,'Colt','Cooke',2780,'1990-01-08 14:10:19',0),(997,1,1,'Zephr','Lancaster',3467,'1958-09-16 20:48:59',0),(998,53,5,'Veronica','Rosa',2541.38,'1969-09-18 08:36:28',0),(999,30,2,'Ross','Franklin',2303.44,'1981-08-18 13:10:00',0),(1000,24,3,'Denton','Bush',1012.89,'1974-12-01 17:46:39',0),(1001,9,6,'Ivan','Keith',2955.66,'1986-10-06 03:45:23',0),(1002,1,5,'Kevyn','Byers',3045.94,'1986-12-16 19:35:27',0),(1003,20,6,'Nita','Holcomb',2079.07,'1967-08-02 01:26:37',0),(1004,12,3,'Suki','Brooks',2235.94,'1991-05-03 20:42:48',0),(1005,9,2,'Rhoda','Bennett',1200.42,'1961-09-17 03:08:34',0),(1006,31,4,'Zeus','Johns',2368.41,'1990-09-21 23:54:49',0),(1007,24,1,'Deacon','Burch',1444.72,'1960-02-18 18:59:53',0),(1008,13,4,'Whoopi','Montoya',1219.96,'1992-11-06 20:39:05',0),(1009,45,1,'Adele','Mcguire',1159.94,'1963-08-19 21:50:53',0),(1010,12,6,'Philip','Baldwin',1145.72,'1984-11-12 19:18:38',0),(1011,40,3,'Caldwell','Gonzales',2305.97,'1985-06-12 01:10:27',0),(1012,46,3,'Elliott','Morin',1093.96,'1965-09-05 21:24:44',0),(1013,23,1,'Susan','Patton',3743,'1989-09-13 08:56:13',0),(1014,38,4,'Teagan','Gaines',2588.62,'1958-05-18 10:22:10',1),(1015,13,4,'Katell','Lara',1767.91,'1958-09-26 04:19:13',0),(1016,3,3,'Kameko','Hoover',1004.09,'1990-02-08 23:48:54',0),(1017,19,1,'Brynne','Dunlap',3374,'1962-04-06 20:33:39',0),(1018,26,4,'Iona','Farley',3325.22,'1959-10-10 21:11:39',0),(1019,22,1,'Jaime','Wallace',2598,'1995-10-20 22:27:42',0),(1020,7,1,'Madison','Joyce',3980,'1987-06-04 19:47:39',0),(1021,29,4,'Mikayla','Whitney',2423.25,'1992-06-29 14:39:37',0),(1022,1,4,'Uta','Weiss',1443.63,'1991-09-30 09:48:25',0),(1023,16,6,'Hu','Waters',1986.7,'1976-04-09 05:20:23',0),(1024,45,2,'Adara','Medina',2615.62,'1983-02-20 11:07:58',1),(1025,35,6,'Kyra','Molina',2524.5,'1982-09-22 18:12:01',0),(1026,44,4,'Geoffrey','Hampton',3306.66,'1958-07-19 18:37:59',0),(1027,50,5,'Noelle','Morse',1932.98,'1994-02-07 09:56:45',0),(1028,27,6,'Alea','Reese',2932.88,'1975-10-27 01:31:01',0),(1029,40,6,'Cody','Levine',1990.61,'1986-09-02 14:41:03',0),(1030,34,2,'Geoffrey','Byrd',1679.91,'1986-05-04 23:10:51',0),(1031,45,3,'Geraldine','Landry',2132.16,'1973-03-03 23:06:19',0),(1032,18,5,'Keegan','Hoover',1092,'1988-05-09 15:24:44',0),(1033,35,6,'Zena','Workman',3218.91,'1986-07-20 15:07:50',0),(1034,4,1,'Sybil','Ward',3567,'1985-10-29 01:26:02',0),(1035,10,1,'Mary','Weber',2249,'1966-10-22 17:08:29',0),(1036,36,2,'Kevyn','Shannon',1533.94,'1991-01-26 11:23:50',0),(1037,34,6,'James','Stewart',3223.12,'1977-07-04 23:50:55',0),(1038,37,3,'Amy','Warren',978.7,'1983-02-26 13:22:33',0),(1039,42,6,'Germane','Ryan',1855.82,'1963-11-05 14:48:59',0),(1040,46,3,'Natalie','Thomas',2892.38,'1986-07-09 12:46:44',0),(1041,40,1,'Chanda','Norton',2001.04,'1994-11-04 01:05:40',0),(1042,30,3,'Raven','Casey',2322.84,'1980-10-25 23:16:36',0),(1043,31,5,'Emerson','Farmer',2829.94,'1988-07-01 19:28:54',1),(1044,44,4,'Edan','Velasquez',2032.61,'1983-11-29 11:30:26',0),(1045,56,6,'Denise','Acevedo',1229.72,'1972-05-19 22:15:48',0),(1046,49,2,'Daquan','Merritt',1853.86,'1988-11-06 10:54:31',0),(1047,33,3,'Yvette','Finch',3194.44,'1956-10-07 01:45:00',0),(1048,45,3,'Mariam','Hinton',1345.96,'1991-07-21 07:43:29',0),(1049,55,6,'Micah','Walters',1315.68,'1983-07-17 15:58:58',0),(1050,42,3,'Daryl','Fischer',2091.66,'1970-07-22 19:01:17',0),(1051,38,2,'Finn','Anderson',1467.07,'1959-02-05 04:13:54',0),(1052,51,1,'Bree','Grimes',1249.08,'1969-08-20 08:04:17',0),(1053,30,5,'Marcia','Pollard',922.219,'1983-09-07 05:56:09',0),(1054,34,5,'Kermit','Hood',2184.47,'1962-02-06 18:19:15',0),(1055,53,3,'Anthony','Carr',2085.35,'1960-01-02 09:44:06',1),(1056,54,2,'Keefe','Gutierrez',1771.82,'1964-11-17 23:37:50',0),(1057,34,3,'Timothy','Sutton',1822.5,'1963-08-09 12:01:37',1),(1058,38,2,'Sybill','Cline',2520.28,'1964-11-15 21:14:52',0),(1059,33,3,'David','Cruz',2715.19,'1974-02-05 08:13:21',0),(1060,31,1,'Silas','Hardin',2137,'1974-09-02 22:04:59',0),(1061,46,6,'Indira','Bird',2619,'1990-04-22 22:10:34',0),(1062,31,6,'Sheila','Keith',1797.19,'1992-04-16 04:07:52',0),(1063,48,2,'Kyla','Flowers',2837.53,'1980-01-09 20:37:40',0),(1064,48,6,'Asher','Rollins',3236.62,'1977-04-15 21:54:09',0),(1065,51,4,'Aiko','Dickerson',3160.69,'1973-08-14 14:27:27',0),(1066,55,3,'Owen','Stark',2298.38,'1993-09-15 18:35:38',0),(1067,46,5,'Tana','Shaw',2096.13,'1982-09-28 00:48:28',0),(1068,38,2,'Cain','Dale',3022.31,'1970-04-26 10:26:16',0),(1069,44,2,'Yoko','Dillon',2061.58,'1960-02-28 05:39:39',0),(1070,37,2,'Gloria','Sellers',2332.12,'1957-03-18 01:26:25',0),(1071,33,4,'Nash','Snyder',1465.59,'1961-07-28 17:47:01',1),(1072,30,1,'Caesar','Pruitt',1265,'1957-08-20 03:11:27',0),(1073,31,5,'Molly','Kennedy',1667.25,'1964-11-03 04:44:47',0),(1074,32,5,'Brendan','Riggs',1436.06,'1974-12-28 03:54:38',0),(1075,46,3,'Sonia','Hoover',1105.68,'1966-09-15 01:18:25',1),(1076,29,3,'Coby','Day',1028.53,'1990-07-14 06:42:33',1),(1077,49,2,'Nerea','Vincent',1399.68,'1981-03-26 04:27:43',0),(1078,49,5,'Ferris','Hendricks',1882.19,'1985-07-02 01:21:29',1),(1079,48,4,'Tamekah','Herring',1523.72,'1965-01-03 05:46:14',1),(1080,56,3,'Alec','Strickland',2200.5,'1977-09-21 14:22:27',1),(1081,34,5,'Dexter','English',1926.28,'1985-07-09 02:10:15',0),(1082,31,4,'Breanna','Dunn',2090.81,'1958-11-18 01:44:38',0),(1083,44,6,'Bevis','Travis',2861.16,'1992-07-13 12:38:28',0),(1084,51,3,'Aline','Goff',1387.96,'1959-03-05 17:52:06',0),(1085,51,3,'Damon','Gay',1792.33,'1990-11-14 04:16:30',1),(1086,44,4,'Brielle','Cobb',2225.81,'1989-02-11 17:58:31',0),(1087,47,6,'Molly','Farmer',3006.28,'1988-09-22 00:06:35',0),(1088,56,5,'Hedda','Waller',1166.23,'1989-09-18 03:26:32',0),(1089,54,1,'Nora','Delaney',2001.04,'1994-11-22 15:01:12',0),(1090,33,4,'Uriel','Maynard',1805.62,'1988-10-17 01:19:15',0),(1091,41,6,'Libby','Herrera',1310.79,'1980-09-26 04:57:40',0),(1092,48,5,'Jared','Thompson',2008.38,'1970-06-24 21:36:30',0),(1093,47,6,'Farrah','Allen',2025.25,'1988-12-05 08:38:58',0),(1094,29,3,'Camden','Cleveland',3281.34,'1979-03-27 06:56:05',0),(1095,29,5,'Cade','Sawyer',2595.38,'1959-06-12 21:53:43',0),(1096,44,3,'Ria','Pennington',2542.22,'1977-09-14 18:31:50',0),(1097,43,3,'Eagan','Frost',3147.19,'1971-11-13 17:43:54',0),(1098,49,2,'Kasper','Ward',978.7,'1990-09-11 06:54:01',0),(1099,42,5,'Mari','Shepherd',3134.53,'1975-06-16 08:25:24',0),(1100,32,3,'Dacey','Beach',1369.41,'1980-12-07 21:21:37',0),(1101,49,6,'Kirk','Wilkerson',2263.78,'1989-10-17 20:37:57',0),(1102,31,5,'Kasper','Bailey',1619.16,'1956-04-06 03:57:42',0),(1103,43,4,'Rebecca','Peterson',3013.03,'1971-10-10 09:00:37',0),(1104,38,4,'Yardley','Alford',1682.93,'1978-08-07 14:35:36',0),(1105,52,1,'Felix','Skinner',3849,'1980-11-15 19:46:19',0),(1106,29,6,'Barrett','Alvarado',1699.31,'1977-08-18 17:10:39',0),(1107,37,2,'Germane','Hunt',2705.06,'1961-01-05 20:06:42',1),(1108,48,1,'May','Everett',3430,'1963-04-06 18:22:11',0),(1109,40,1,'Daryl','Logan',2151,'1963-10-28 20:27:54',0),(1110,32,6,'Ezra','Villarreal',2706.75,'1992-09-16 21:12:35',1),(1111,41,1,'Fatima','Clay',2866,'1987-03-02 17:05:13',0),(1112,35,5,'Alan','Howe',1799.72,'1986-12-20 22:53:19',0),(1113,56,2,'Lesley','Mccullough',2446.88,'1979-10-17 17:14:34',0),(1114,53,4,'Whoopi','Hurley',2075.35,'1974-08-22 21:44:01',0),(1115,37,2,'Kameko','Hess',3108.38,'1973-10-11 16:36:04',0),(1116,43,1,'Rhoda','Francis',3916,'1964-01-29 23:26:40',1),(1117,40,6,'Quinn','Cline',1180.89,'1982-07-31 13:12:37',1),(1118,53,2,'Dorothy','Vargas',2012.85,'1981-08-14 16:50:27',0),(1119,41,5,'Francis','Guthrie',1509.07,'1983-05-22 20:13:06',0),(1120,47,6,'Lacy','Grimes',989.444,'1981-12-06 00:00:54',0),(1121,54,2,'Vivien','Strickland',1097.86,'1984-10-26 07:43:31',1),(1122,35,5,'Hop','Barton',2473.88,'1959-07-02 20:30:02',0),(1123,42,4,'Blair','Melton',1786.47,'1978-07-11 07:33:21',1),(1124,47,5,'Elaine','Casey',2534.62,'1994-03-15 02:31:43',1),(1125,41,5,'Jeremy','Salas',2497.5,'1958-08-10 02:54:23',0),(1126,52,1,'Pearl','Mcdonald',3428,'1973-05-13 13:26:32',0),(1127,56,6,'TaShya','Lester',1065.63,'1987-05-28 04:17:50',0),(1128,32,3,'Barrett','Holman',1191.38,'1978-07-08 01:07:33',0),(1129,54,2,'Quon','Hartman',1221.91,'1986-05-13 23:53:34',0),(1130,55,5,'Armando','Weeks',1236.56,'1971-11-12 01:14:35',0),(1131,55,2,'Harper','Todd',2327.91,'1983-08-07 11:22:36',0),(1132,34,4,'Theodore','Sandoval',1344.09,'1965-01-30 05:18:00',0),(1133,30,1,'Madeline','Ochoa',1095,'1991-11-30 12:16:35',0),(1134,49,4,'Alika','Gray',1933.96,'1989-05-04 15:23:06',0),(1135,53,2,'Germaine','Key',2385.28,'1979-03-03 03:07:15',0),(1136,30,3,'Maxwell','Pratt',3202.88,'1993-12-05 07:03:01',0),(1140,19,6,'Zeus','Wilson',1352.11,'1990-12-04 08:07:02',0),(1142,19,6,'Zeus','Wilson',1352.11,'1990-12-04 08:07:02',0),(1143,26,2,'Rama','Montoya',854,'1967-12-16 08:13:37',0),(1144,11,5,'Barrett','Jennings',1328.95,'1974-06-23 03:12:01',0),(1145,55,2,'Palmer','Walsh',1382.2,'1991-06-12 15:27:48',0),(1146,3,2,'Minerva','Pope',715.412,'1959-11-08 18:38:58',0),(1147,6,3,'Quon','Landry',1491.02,'1967-09-12 16:18:48',0),(1148,36,6,'Xerxes','Webster',576,'1965-06-26 13:21:45',0),(1149,2,2,'Maisie','Hayes',1311.59,'1995-03-14 16:04:44',0),(1150,47,6,'Jayme','Keith',1051.12,'1961-09-30 16:01:18',0),(1151,4,1,'Ursula','Bonner',670.265,'1969-12-17 12:06:16',0),(1152,8,5,'Wynne','Moreno',1210.88,'1989-01-04 17:04:17',0),(1153,5,1,'Knox','Tran',588.073,'1995-05-26 16:31:52',0),(1154,40,1,'Xanthus','Brady',1411.14,'1978-12-23 08:48:27',0),(1155,7,4,'Donovan','Alexander',1514.17,'1956-09-14 20:51:06',0),(1156,38,6,'Brynne','Hines',1568.58,'1994-10-25 05:33:03',0),(1157,40,4,'Libby','Mclaughlin',663.319,'1958-04-26 00:32:27',0),(1158,6,2,'Maggie','Barlow',1045.34,'1984-07-07 04:48:07',0),(1159,41,3,'Winter','Alvarado',1363.68,'1993-11-27 20:07:51',0),(1160,18,3,'Rebekah','Harper',1729.49,'1984-11-08 11:13:27',0),(1161,4,5,'Ray','Melendez',1473.66,'1979-11-29 02:21:49',0),(1162,10,2,'Kimberly','Lawrence',1434.3,'1959-12-29 01:15:26',0),(1163,26,3,'Brendan','Bowen',1301,'1988-12-25 08:11:32',0),(1164,19,4,'Neve','Alvarez',1110.16,'1995-08-01 00:31:31',0),(1165,21,6,'Maggy','Cook',1168.04,'1978-05-22 00:45:22',0),(1166,22,5,'Gretchen','Hamilton',1352.11,'1994-11-11 12:54:47',0),(1167,13,6,'Megan','Roman',1319.69,'1983-05-24 11:44:35',0),(1168,33,4,'Aileen','Sloan',1359,'1967-08-22 20:07:06',0),(1169,52,5,'Serina','Barry',1730.65,'1998-06-15 08:01:25',0),(1170,4,2,'Jemima','Riggs',764.033,'1999-08-28 02:40:54',0),(1171,5,2,'Graham','Blair',1544.27,'1966-12-13 13:13:07',0),(1172,14,6,'Wyatt','Craig',1363.68,'1972-09-02 04:14:48',0),(1173,46,3,'Charlotte','Lindsey',1005.98,'1998-06-06 03:48:16',0),(1174,35,4,'Patience','Dillon',1108,'1968-02-07 02:45:18',0),(1175,50,6,'Thor','Holmes',688.787,'1998-05-23 03:31:49',0),(1176,41,6,'Addison','Rosa',731.619,'1994-02-27 23:14:32',0),(1177,1,2,'Hedley','Nichols',1450.5,'1962-07-03 00:16:23',0),(1178,7,1,'Harrison','Elliott',1399.57,'1995-12-10 09:41:08',0),(1179,54,2,'Deirdre','Hayden',1415.78,'1971-05-26 08:35:30',0),(1180,17,4,'Fleur','Aguilar',1392.62,'1974-05-20 06:24:55',0),(1181,56,4,'Flynn','Mann',867.061,'1990-08-17 01:40:28',0),(1182,19,6,'Fleur','Hogan',1486.39,'1973-07-21 01:56:27',0),(1183,31,5,'Jorden','Barrett',976,'1957-05-02 00:22:00',0),(1184,21,3,'Elton','Mccullough',1212.03,'1987-08-17 13:37:40',0),(1185,26,4,'Maite','Harding',1013,'1975-10-01 10:05:02',0),(1186,43,1,'Robin','Castillo',640.167,'1968-07-02 07:14:36',0),(1187,34,6,'Kennan','Tran',587,'1963-04-17 12:03:07',0),(1188,25,3,'Claudia','Brewer',652,'1975-05-07 10:41:26',0),(1189,10,6,'Dane','Bush',1355.58,'1995-08-01 18:37:00',0),(1190,45,3,'Laurel','Jones',1383.36,'1977-11-07 11:32:59',0),(1191,6,2,'Medge','Acosta',790.658,'1959-03-28 03:07:44',0),(1192,41,6,'Irma','Riggs',1283.81,'1970-02-12 10:08:57',0),(1193,56,4,'Madeson','Chapman',628.59,'1988-01-20 02:26:18',0),(1194,2,6,'Jared','Ray',1414.62,'1974-03-07 02:54:21',0),(1195,12,2,'Riley','Estes',1016.39,'1991-10-08 15:34:40',0),(1196,18,4,'Martin','Cooke',1300.01,'1962-10-07 14:56:24',0),(1197,28,6,'Nash','Mann',674,'1989-11-04 11:28:34',0),(1198,10,2,'Quyn','Martinez',1265.28,'1962-03-14 05:47:26',0),(1199,46,2,'Uta','Atkinson',1087.01,'1974-08-07 07:39:17',0),(1200,52,3,'Shad','Moreno',836.963,'1991-10-18 06:59:16',0),(1201,32,6,'Tobias','Harvey',702,'1986-12-14 18:11:19',0),(1202,10,5,'Claudia','Bowers',654.058,'1990-12-17 18:03:05',0),(1203,4,3,'Lyle','Leon',1362.52,'1981-08-28 18:44:07',0),(1204,36,3,'Steven','Lester',909,'1963-11-20 03:26:07',0),(1205,52,4,'James','Klein',1569.74,'1957-02-16 15:32:05',0),(1206,9,4,'Ariel','Henry',1360.21,'1960-04-17 04:27:11',0),(1207,5,4,'Calista','Mcpherson',1642.67,'1982-12-10 04:05:07',0),(1208,3,3,'Colby','Buck',745.51,'1986-11-11 01:49:33',0),(1209,32,1,'Aimee','Hoover',1226,'1997-09-07 19:55:55',0),(1210,46,4,'Craig','Mcguire',1036.07,'1961-12-24 14:45:29',0),(1211,29,4,'Donovan','Mason',623,'1991-10-25 17:59:48',0),(1212,5,4,'Noelle','Randall',1576.69,'1957-01-23 07:30:24',0),(1213,17,3,'Keith','Mcknight',1369.47,'1976-06-09 14:49:05',0),(1214,35,2,'Erasmus','Kirby',1228,'1957-05-23 05:49:13',0),(1215,41,2,'Cleo','Valencia',1529.22,'1990-08-29 19:02:19',0),(1216,21,5,'Kyle','England',919.154,'1979-04-13 21:08:41',0),(1217,34,2,'Owen','Workman',1427,'1989-07-05 20:22:12',0),(1218,13,4,'Rogan','Rojas',1422.72,'1971-05-24 09:46:51',0),(1219,7,3,'Shelly','Pugh',1024.5,'1960-12-09 04:33:35',0),(1220,33,1,'Graiden','Graves',813,'1969-03-16 20:17:57',0),(1221,41,4,'Harlan','Moran',1543.11,'1970-12-02 01:48:33',0),(1222,56,3,'Kessie','Macias',1519.96,'1995-09-16 07:38:51',0),(1223,23,1,'Kelsie','Montgomery',1243.29,'1959-09-26 22:53:28',0),(1224,36,6,'Duncan','Kemp',1417,'1970-02-05 13:21:23',0),(1225,39,5,'Channing','Tyler',1273.39,'1998-12-27 00:38:06',0),(1226,53,6,'Christen','Lowe',1598.68,'1969-05-19 02:23:44',0),(1227,54,5,'Alec','Valdez',1383.36,'1985-04-16 07:53:10',0),(1228,31,3,'Hanna','Mathews',1263,'1985-09-14 16:05:19',0),(1229,29,4,'Zephania','Hahn',817,'1977-06-23 05:31:55',0),(1230,27,6,'Heidi','Blackburn',746,'1963-01-04 16:09:21',0),(1231,7,4,'Kerry','Owens',1642.67,'1987-05-06 15:05:35',0),(1232,22,6,'Lynn','Monroe',855.485,'1993-11-14 01:22:18',0),(1233,55,4,'Ulla','Pickett',854.327,'1957-08-04 22:57:32',0),(1234,30,6,'Raya','Nguyen',1032,'1956-01-21 05:04:27',0),(1235,19,4,'Yvonne','Knowles',968.889,'1994-06-27 21:18:34',0),(1236,8,2,'Kay','Sampson',1335.9,'1990-09-09 02:41:59',0),(1237,6,1,'Shelby','Garrison',1557.01,'1973-02-21 21:33:50',0),(1238,23,2,'Byron','Trevino',1463.24,'1964-01-06 20:10:29',0),(1239,46,4,'Derek','Robles',713.097,'1974-09-14 21:25:33',0),(1240,35,5,'Cally','Lewis',1320,'1976-02-26 08:18:47',0),(1242,2,5,'Francesca','Pace',1362.52,'1993-09-01 04:51:05',0),(1248,2,4,'Chancellor','Barrett',23,'1956-02-02 23:00:00',0),(1250,3,3,'Lara','gtt',134,'1990-10-12 11:12:12',0);

/*!40000 ALTER TABLE `empleados` ENABLE KEYS */;

UNLOCK TABLES;



--

-- Temporary table structure for view `empleados_rrhh_acra`

--



DROP TABLE IF EXISTS `empleados_rrhh_acra`;

/*!50001 DROP VIEW IF EXISTS `empleados_rrhh_acra`*/;

SET @saved_cs_client     = @@character_set_client;

SET character_set_client = utf8;

/*!50001 CREATE VIEW `empleados_rrhh_acra` AS SELECT 

 1 AS `Nombre`,

 1 AS `Apellido`,

 1 AS `Departamento`,

 1 AS `Ubicaciones`*/;

SET character_set_client = @saved_cs_client;



--

-- Temporary table structure for view `empleados_rrhh_barcelona`

--



DROP TABLE IF EXISTS `empleados_rrhh_barcelona`;

/*!50001 DROP VIEW IF EXISTS `empleados_rrhh_barcelona`*/;

SET @saved_cs_client     = @@character_set_client;

SET character_set_client = utf8;

/*!50001 CREATE VIEW `empleados_rrhh_barcelona` AS SELECT 

 1 AS `id`,

 1 AS `nombre`,

 1 AS `apellido`,

 1 AS `departamento`,

 1 AS `ubicaciones`*/;

SET character_set_client = @saved_cs_client;



--

-- Table structure for table `habitaciones`

--



DROP TABLE IF EXISTS `habitaciones`;

/*!40101 SET @saved_cs_client     = @@character_set_client */;

/*!40101 SET character_set_client = utf8 */;

CREATE TABLE `habitaciones` (

  `hab_no` int(11) NOT NULL AUTO_INCREMENT,

  `hab_name` varchar(255) NOT NULL,

  `edificio_no` int(11) NOT NULL,

  PRIMARY KEY (`hab_no`),

  KEY `efificio_no` (`edificio_no`),

  CONSTRAINT `habs_ibfk_1` FOREIGN KEY (`edificio_no`) REFERENCES `edificios` (`edificio_no`) ON DELETE CASCADE ON UPDATE CASCADE

) ENGINE=InnoDB AUTO_INCREMENT=25 DEFAULT CHARSET=utf8;

/*!40101 SET character_set_client = @saved_cs_client */;



--

-- Dumping data for table `habitaciones`

--



LOCK TABLES `habitaciones` WRITE;

/*!40000 ALTER TABLE `habitaciones` DISABLE KEYS */;

INSERT INTO `habitaciones` VALUES (6,'hab_MELIA_2',2),(7,'hab_MELIA_3',2),(8,'hab_MELIA_4',2),(9,'hab_STAR_1',3),(10,'hab_STAR_2',3),(11,'hab_STAR_3',3),(12,'hab_STAR_4',3),(13,'hab_BARCELO_1',4),(14,'hab_BARCELO_2',4),(15,'hab_BARCELO_3',4),(16,'hab_BARCELO_4',4),(17,'hab_RIU_1',5),(18,'hab_RIU_2',5),(19,'hab_RIU_3',5),(20,'hab_RIU_4',5),(21,'hab_TARTESUS_1',6),(22,'hab_TARTESUS_2',6),(23,'hab_TARTESUS_3',6),(24,'hab_TARTESUS_4',6);

/*!40000 ALTER TABLE `habitaciones` ENABLE KEYS */;

UNLOCK TABLES;



--

-- Table structure for table `habitacioneseliminadas`

--



DROP TABLE IF EXISTS `habitacioneseliminadas`;

/*!40101 SET @saved_cs_client     = @@character_set_client */;

/*!40101 SET character_set_client = utf8 */;

CREATE TABLE `habitacioneseliminadas` (

  `hab_no` int(11) NOT NULL AUTO_INCREMENT,

  `hab_name` varchar(255) NOT NULL,

  `edificio_no` int(11) NOT NULL,

  PRIMARY KEY (`hab_no`),

  KEY `efificio_no` (`edificio_no`)

) ENGINE=InnoDB AUTO_INCREMENT=6 DEFAULT CHARSET=utf8;

/*!40101 SET character_set_client = @saved_cs_client */;



--

-- Dumping data for table `habitacioneseliminadas`

--



LOCK TABLES `habitacioneseliminadas` WRITE;

/*!40000 ALTER TABLE `habitacioneseliminadas` DISABLE KEYS */;

INSERT INTO `habitacioneseliminadas` VALUES (5,'hab_MELIA_1',2);

/*!40000 ALTER TABLE `habitacioneseliminadas` ENABLE KEYS */;

UNLOCK TABLES;



--

-- Table structure for table `paises`

--



DROP TABLE IF EXISTS `paises`;

/*!40101 SET @saved_cs_client     = @@character_set_client */;

/*!40101 SET character_set_client = utf8 */;

CREATE TABLE `paises` (

  `id` int(11) NOT NULL AUTO_INCREMENT,

  `idRegiones` int(11) NOT NULL,

  `nombre` varchar(25) NOT NULL,

  PRIMARY KEY (`id`),

  KEY `idRegiones` (`idRegiones`),

  CONSTRAINT `paises_ibfk_1` FOREIGN KEY (`idRegiones`) REFERENCES `regiones` (`id`)

) ENGINE=InnoDB AUTO_INCREMENT=15 DEFAULT CHARSET=utf8;

/*!40101 SET character_set_client = @saved_cs_client */;



--

-- Dumping data for table `paises`

--



LOCK TABLES `paises` WRITE;

/*!40000 ALTER TABLE `paises` DISABLE KEYS */;

INSERT INTO `paises` VALUES (1,1,'India'),(2,1,'China'),(3,1,'Japon'),(4,2,'Chile'),(5,2,'Argentina'),(6,2,'Mexico'),(7,3,'Espaa'),(8,3,'Francia'),(9,3,'Alemania'),(10,4,'Australia'),(11,4,'Nueva Zelanda'),(12,5,'Senegal'),(13,5,'Marruecos'),(14,5,'Ghana');

/*!40000 ALTER TABLE `paises` ENABLE KEYS */;

UNLOCK TABLES;



--

-- Temporary table structure for view `pringados_barcelona_entre_pringados`

--



DROP TABLE IF EXISTS `pringados_barcelona_entre_pringados`;

/*!50001 DROP VIEW IF EXISTS `pringados_barcelona_entre_pringados`*/;

SET @saved_cs_client     = @@character_set_client;

SET character_set_client = utf8;

/*!50001 CREATE VIEW `pringados_barcelona_entre_pringados` AS SELECT 

 1 AS `id`,

 1 AS `nombre`,

 1 AS `apellido`,

 1 AS `salario`*/;

SET character_set_client = @saved_cs_client;



--

-- Table structure for table `puesto`

--



DROP TABLE IF EXISTS `puesto`;

/*!40101 SET @saved_cs_client     = @@character_set_client */;

/*!40101 SET character_set_client = utf8 */;

CREATE TABLE `puesto` (

  `id` int(11) NOT NULL AUTO_INCREMENT,

  `nombre` varchar(25) NOT NULL,

  `fecha_entrada` datetime NOT NULL,

  `fecha_salida` datetime DEFAULT NULL,

  PRIMARY KEY (`id`)

) ENGINE=InnoDB AUTO_INCREMENT=7 DEFAULT CHARSET=utf8;

/*!40101 SET character_set_client = @saved_cs_client */;



--

-- Dumping data for table `puesto`

--



LOCK TABLES `puesto` WRITE;

/*!40000 ALTER TABLE `puesto` DISABLE KEYS */;

INSERT INTO `puesto` VALUES (1,'becario','2017-01-23 00:00:00',NULL),(2,'programador_j','2016-02-10 00:00:00',NULL),(3,'programador_s','2013-05-29 00:00:00','2016-12-04 08:07:02'),(4,'Analista Programador','2012-08-26 00:00:00',NULL),(5,'Analista Organica','2014-03-05 00:00:00','2016-03-15 00:00:00'),(6,'Jefe Proyecto','2010-11-06 00:00:00','2016-03-15 00:00:00');

/*!40000 ALTER TABLE `puesto` ENABLE KEYS */;

UNLOCK TABLES;



--

-- Table structure for table `regiones`

--



DROP TABLE IF EXISTS `regiones`;

/*!40101 SET @saved_cs_client     = @@character_set_client */;

/*!40101 SET character_set_client = utf8 */;

CREATE TABLE `regiones` (

  `id` int(11) NOT NULL AUTO_INCREMENT,

  `nombre` varchar(25) NOT NULL,

  PRIMARY KEY (`id`)

) ENGINE=InnoDB AUTO_INCREMENT=6 DEFAULT CHARSET=utf8;

/*!40101 SET character_set_client = @saved_cs_client */;



--

-- Dumping data for table `regiones`

--



LOCK TABLES `regiones` WRITE;

/*!40000 ALTER TABLE `regiones` DISABLE KEYS */;

INSERT INTO `regiones` VALUES (1,'Asia'),(2,'America'),(3,'Europa'),(4,'Oceania'),(5,'Africa');

/*!40000 ALTER TABLE `regiones` ENABLE KEYS */;

UNLOCK TABLES;



--

-- Table structure for table `ubicaciones`

--



DROP TABLE IF EXISTS `ubicaciones`;

/*!40101 SET @saved_cs_client     = @@character_set_client */;

/*!40101 SET character_set_client = utf8 */;

CREATE TABLE `ubicaciones` (

  `id` int(11) NOT NULL AUTO_INCREMENT,

  `idPaises` int(11) NOT NULL,

  `nombre` varchar(25) NOT NULL,

  `num_empleados` int(11) NOT NULL,

  PRIMARY KEY (`id`),

  KEY `idPaises` (`idPaises`),

  CONSTRAINT `ubicaciones_ibfk_1` FOREIGN KEY (`idPaises`) REFERENCES `paises` (`id`)

) ENGINE=InnoDB AUTO_INCREMENT=29 DEFAULT CHARSET=utf8;

/*!40101 SET character_set_client = @saved_cs_client */;



--

-- Dumping data for table `ubicaciones`

--



LOCK TABLES `ubicaciones` WRITE;

/*!40000 ALTER TABLE `ubicaciones` DISABLE KEYS */;

INSERT INTO `ubicaciones` VALUES (1,1,'Nueva Delhi',46),(2,1,'Bombay',50),(3,2,'Pekin',42),(4,2,'Shangai',63),(5,3,'Tokio',56),(6,3,'Kioto',50),(7,4,'Santiago',47),(8,4,'Concepcion',45),(9,5,'Buenos Aires',45),(10,5,'Rosario',41),(11,6,'Ciudad de Mexico',36),(12,6,'Guadalajara',44),(13,7,'Madrid',44),(14,7,'Barcelona',51),(15,8,'Paris',21),(16,8,'Lion',21),(17,9,'Berlin',21),(18,9,'Munich',20),(19,10,'Sindney',17),(20,10,'Perth',16),(21,11,'Auckland',19),(22,11,'Wellinton',14),(23,12,'Dakar',19),(24,12,'Toubar',15),(25,13,'Casablanca',16),(26,13,'Rabat',16),(27,14,'Acra',14),(28,14,'Kumasi',15);

/*!40000 ALTER TABLE `ubicaciones` ENABLE KEYS */;

UNLOCK TABLES;



--

-- Table structure for table `usuario`

--



DROP TABLE IF EXISTS `usuario`;

/*!40101 SET @saved_cs_client     = @@character_set_client */;

/*!40101 SET character_set_client = utf8 */;

CREATE TABLE `usuario` (

  `id` int(11) NOT NULL AUTO_INCREMENT,

  `alias` varchar(70) DEFAULT NULL,

  `clave` varchar(70) DEFAULT NULL,

  `grupo` int(11) DEFAULT NULL,

  PRIMARY KEY (`id`)

) ENGINE=InnoDB AUTO_INCREMENT=4 DEFAULT CHARSET=latin1;

/*!40101 SET character_set_client = @saved_cs_client */;



--

-- Dumping data for table `usuario`

--



LOCK TABLES `usuario` WRITE;

/*!40000 ALTER TABLE `usuario` DISABLE KEYS */;

INSERT INTO `usuario` VALUES (1,'Raul','Luar',1),(2,'Alexandra','Alex',2),(3,'Vera','thedog',3);

/*!40000 ALTER TABLE `usuario` ENABLE KEYS */;

UNLOCK TABLES;



--

-- Final view structure for view `empleados_rrhh_acra`

--



/*!50001 DROP VIEW IF EXISTS `empleados_rrhh_acra`*/;

/*!50001 SET @saved_cs_client          = @@character_set_client */;

/*!50001 SET @saved_cs_results         = @@character_set_results */;

/*!50001 SET @saved_col_connection     = @@collation_connection */;

/*!50001 SET character_set_client      = utf8 */;

/*!50001 SET character_set_results     = utf8 */;

/*!50001 SET collation_connection      = utf8_general_ci */;

/*!50001 CREATE ALGORITHM=UNDEFINED */

/*!50013 DEFINER=`root`@`localhost` SQL SECURITY DEFINER */

/*!50001 VIEW `empleados_rrhh_acra` AS select `empleados`.`nombre` AS `Nombre`,`empleados`.`apellido` AS `Apellido`,`departamentos`.`nombre` AS `Departamento`,`ubicaciones`.`nombre` AS `Ubicaciones` from ((`empleados` join `departamentos`) join `ubicaciones`) where ((`empleados`.`idDepartamento` = `departamentos`.`id`) and (`departamentos`.`idUbicaciones` = `ubicaciones`.`id`) and (`departamentos`.`nombre` like 'RRHH') and (`ubicaciones`.`nombre` like 'Acra')) */;

/*!50001 SET character_set_client      = @saved_cs_client */;

/*!50001 SET character_set_results     = @saved_cs_results */;

/*!50001 SET collation_connection      = @saved_col_connection */;



--

-- Final view structure for view `empleados_rrhh_barcelona`

--



/*!50001 DROP VIEW IF EXISTS `empleados_rrhh_barcelona`*/;

/*!50001 SET @saved_cs_client          = @@character_set_client */;

/*!50001 SET @saved_cs_results         = @@character_set_results */;

/*!50001 SET @saved_col_connection     = @@collation_connection */;

/*!50001 SET character_set_client      = utf8 */;

/*!50001 SET character_set_results     = utf8 */;

/*!50001 SET collation_connection      = utf8_general_ci */;

/*!50001 CREATE ALGORITHM=UNDEFINED */

/*!50013 DEFINER=`root`@`localhost` SQL SECURITY DEFINER */

/*!50001 VIEW `empleados_rrhh_barcelona` AS select `empleados`.`id` AS `id`,`empleados`.`nombre` AS `nombre`,`empleados`.`apellido` AS `apellido`,`departamentos`.`nombre` AS `departamento`,`ubicaciones`.`nombre` AS `ubicaciones` from ((`empleados` join `departamentos`) join `ubicaciones`) where ((`empleados`.`idDepartamento` = `departamentos`.`id`) and (`departamentos`.`idUbicaciones` = `ubicaciones`.`id`) and (`departamentos`.`nombre` like 'RRHH') and (`ubicaciones`.`nombre` like 'Barcelona')) */;

/*!50001 SET character_set_client      = @saved_cs_client */;

/*!50001 SET character_set_results     = @saved_cs_results */;

/*!50001 SET collation_connection      = @saved_col_connection */;



--

-- Final view structure for view `pringados_barcelona_entre_pringados`

--



/*!50001 DROP VIEW IF EXISTS `pringados_barcelona_entre_pringados`*/;

/*!50001 SET @saved_cs_client          = @@character_set_client */;

/*!50001 SET @saved_cs_results         = @@character_set_results */;

/*!50001 SET @saved_col_connection     = @@collation_connection */;

/*!50001 SET character_set_client      = utf8 */;

/*!50001 SET character_set_results     = utf8 */;

/*!50001 SET collation_connection      = utf8_general_ci */;

/*!50001 CREATE ALGORITHM=UNDEFINED */

/*!50013 DEFINER=`root`@`localhost` SQL SECURITY DEFINER */

/*!50001 VIEW `pringados_barcelona_entre_pringados` AS select `empleados`.`id` AS `id`,`empleados`.`nombre` AS `nombre`,`empleados`.`apellido` AS `apellido`,`empleados`.`salario` AS `salario` from (((`empleados` join `puesto`) join `departamentos`) join `ubicaciones`) where ((`empleados`.`idPuesto` = `puesto`.`id`) and (`empleados`.`idDepartamento` = `departamentos`.`id`) and (`departamentos`.`idUbicaciones` = `ubicaciones`.`id`) and (`puesto`.`nombre` like 'becario') and (`ubicaciones`.`nombre` like 'Barcelona') and `empleados`.`salario` < all (select avg(`empleados`.`salario`) from (((`empleados` join `departamentos`) join `ubicaciones`) join `puesto`) where ((`empleados`.`idDepartamento` = `departamentos`.`id`) and (`empleados`.`idDepartamento` = `departamentos`.`id`) and (`departamentos`.`idUbicaciones` = `ubicaciones`.`id`) and (`puesto`.`nombre` like 'becario')) group by `departamentos`.`nombre`,`ubicaciones`.`nombre`)) */;

/*!50001 SET character_set_client      = @saved_cs_client */;

/*!50001 SET character_set_results     = @saved_cs_results */;

/*!50001 SET collation_connection      = @saved_col_connection */;

/*!40103 SET TIME_ZONE=@OLD_TIME_ZONE */;



/*!40101 SET SQL_MODE=@OLD_SQL_MODE */;

/*!40014 SET FOREIGN_KEY_CHECKS=@OLD_FOREIGN_KEY_CHECKS */;

/*!40014 SET UNIQUE_CHECKS=@OLD_UNIQUE_CHECKS */;

/*!40101 SET CHARACTER_SET_CLIENT=@OLD_CHARACTER_SET_CLIENT */;

/*!40101 SET CHARACTER_SET_RESULTS=@OLD_CHARACTER_SET_RESULTS */;

/*!40101 SET COLLATION_CONNECTION=@OLD_COLLATION_CONNECTION */;

/*!40111 SET SQL_NOTES=@OLD_SQL_NOTES */;



-- Dump completed on 2022-02-08  9:09:11

